Exception_ID,Invoice_ID,Vendor_ID,Vendor_Name,PO_ID,GRN_ID,PO_Qty,Received_Qty,Invoice_Qty,PO_Unit_Price,Invoice_Unit_Price,Price_Variance_%,Qty_Variance_vs_GRN_%,Invoice_Net_Amount,Invoice_Total,Match_Status,Exception_Type,Potential_Overbilling,Owner,Priority,Days_Open,Resolution_Status
EXC00001,INV2025000005,V001,Apex Industrial Supplies Pvt Ltd,PO2025000005,GRN2025000005,150.0,111,116,924.74,924.74,0.0,4.5,107269.84,112633.33,HOLD,QTY_OVER_RECEIPT,4623.7,Receiving,Medium,504,Open
EXC00002,INV2025000009,V033,Innovatech Solutions,PO2025000009,GRN2025000009,229.0,229,229,21281.02,22096.28,3.83,0.0,5060048.12,5313050.53,HOLD,PRICE_VARIANCE,186694.54,AP,Critical,517,Open
EXC00003,INV2025000012,V010,Jupiter Office Products,PO2025000012,GRN2025000012,72.0,72,72,158.76,185.55,16.87,0.0,13359.6,15764.33,HOLD,PRICE_VARIANCE,1928.88,AP,Medium,377,Open
EXC00004,INV2025000029,V002,BluePeak Office Systems Pvt Ltd,PO2025000029,GRN2025000029,250.0,250,250,877.15,935.15,6.61,0.0,233787.5,261842.0,HOLD,PRICE_VARIANCE,14500.0,AP,Medium,211,Open
EXC00005,INV2025000030,V019,Sigma Industrial Products,PO2025000030,GRN2025000030,195.0,158,158,157.96,177.06,12.09,0.0,27975.48,31332.54,HOLD,PRICE_VARIANCE,3017.8,AP,Medium,91,Open
EXC00006,INV2026000046,V031,Ganga Hardware Traders,PO2025000046,GRN2025000046,161.0,161,161,698.31,698.31,0.0,0.0,112427.91,118049.31,HOLD,DUPLICATE_AMOUNT_VENDOR,0.0,AP,Medium,39,Open
EXC00007,INV2025000049,V038,NexGen Components,PO2025000049,GRN2025000049,59.0,59,61,174.09,174.09,0.0,3.39,10619.49,12531.0,HOLD,QTY_OVER_RECEIPT,348.18,Receiving,Medium,216,Open
EXC00008,INV2025000052,V035,Keystone Industrial Products,PO2025000052,GRN2025000052,77.0,77,82,457.7,457.7,0.0,6.49,37531.4,42035.17,HOLD,QTY_OVER_RECEIPT,2288.5,Receiving,Medium,51,Open
EXC00009,INV2025000053,V001,Apex Industrial Supplies Pvt Ltd,PO2025000053,GRN2025000053,230.0,230,230,816.06,954.07,16.91,0.0,219436.1,230407.91,HOLD,PRICE_VARIANCE,31742.3,AP,High,19,Open
EXC00010,INV2025000066,V003,Crown Packaging Solutions,,GRN2025000066,,0,229,,790.63,,,181054.27,190106.98,HOLD,MISSING_PO,181054.27,AP,Critical,322,Open
EXC00011,INV2026000069,V040,Pioneer Electrical Traders,PO2025000069,GRN2025000069,149.0,149,149,192.36,192.36,0.0,0.0,28661.64,33820.74,HOLD,DUPLICATE_AMOUNT_VENDOR,0.0,AP,Medium,474,Open
EXC00012,INV2025000072,V005,Evergreen Facility Products,PO2025000072,GRN2025000072,196.0,196,196,15534.96,16574.4,6.69,0.0,3248582.4,3638412.29,HOLD,PRICE_VARIANCE,203730.24,AP,Critical,27,Open
EXC00013,INV2025000074,V005,Evergreen Facility Products,PO2025000074,GRN2025000074,225.0,225,225,2600.86,2722.61,4.68,0.0,612587.25,686097.72,HOLD,PRICE_VARIANCE,27393.75,AP,High,577,Open
EXC00014,INV2025000077,V028,Dynamo Power Systems,PO2025000077,GRN2025000077,63.0,63,63,165.43,173.82,5.07,0.0,10950.66,11498.19,HOLD,PRICE_VARIANCE,528.57,AP,Medium,407,Open
EXC00015,INV2026000079,V025,Arun Safety & PPE,PO2025000079,GRN2025000079,59.0,59,59,893.09,893.09,0.0,0.0,52692.31,59015.39,HOLD,DUPLICATE_AMOUNT_VENDOR,0.0,AP,Medium,257,Open
EXC00016,INV2025000085,V040,Pioneer Electrical Traders,PO2025000085,GRN2025000085,144.0,144,144,863.45,966.36,11.92,0.0,139155.84,164203.89,HOLD,PRICE_VARIANCE,14819.04,AP,Medium,532,Open
EXC00017,INV2025000091,V030,Frontier Components,PO2025000091,GRN2025000091,104.0,104,111,168.67,168.67,0.0,6.73,18722.37,22092.4,HOLD,QTY_OVER_RECEIPT,1180.69,Receiving,Medium,374,Open
EXC00018,INV2025000092,V032,Helios Controls,PO2025000092,GRN2025000092,217.0,217,217,602.2,708.72,17.69,0.0,153792.24,181474.84,HOLD,PRICE_VARIANCE,23114.84,AP,Medium,203,Open
EXC00019,INV2025000095,V031,Ganga Hardware Traders,PO2025000095,GRN2025000095,42.0,42,44,496.41,496.41,0.0,4.76,21842.04,22934.14,HOLD,QTY_OVER_RECEIPT,992.82,Receiving,Medium,414,Open
EXC00020,INV2025000102,V025,Arun Safety & PPE,PO2025000102,,32.0,32,32,179.3,179.3,0.0,0.0,5737.6,6426.11,HOLD,MISSING_GRN,0.0,Receiving,Medium,371,Open
EXC00021,INV2025000106,V039,Omkar Facility Products,PO2025000106,GRN2025000106,209.0,209,209,757.46,793.7,4.78,0.0,165883.3,174177.47,HOLD,PRICE_VARIANCE,7574.16,AP,Medium,315,Open
EXC00022,INV2025000107,V011,Kaveri Industrial Traders,PO2025000107,,2.0,2,2,1532.49,1532.49,0.0,0.0,3064.98,3616.68,HOLD,MISSING_GRN,0.0,Receiving,Medium,58,Open
EXC00023,INV2025000116,V014,Nova Tech Systems,PO2025000116,GRN2025000116,163.0,163,169,12341.98,12341.98,0.0,3.68,2085794.62,2190084.35,HOLD,QTY_OVER_RECEIPT,74051.88,Receiving,High,500,Open
EXC00024,INV2026000124,V026,Bharat Industrial Stores,PO2025000124,GRN2025000124,116.0,116,116,685.85,685.85,0.0,0.0,79558.6,93879.15,HOLD,DUPLICATE_AMOUNT_VENDOR,0.0,AP,Medium,450,Open
EXC00025,INV2025000127,V026,Bharat Industrial Stores,PO2025000127,GRN2025000127,36.0,36,39,464.41,464.41,0.0,8.33,18111.99,21372.15,HOLD,QTY_OVER_RECEIPT,1393.23,Receiving,Medium,35,Open
EXC00026,INV2025000132,V009,Indus Mechanical Works,PO2025000132,GRN2025000132,37.0,37,39,622.38,622.38,0.0,5.41,24272.82,27185.56,HOLD,QTY_OVER_RECEIPT,1244.76,Receiving,Medium,460,Open
EXC00027,INV2026000133,V003,Crown Packaging Solutions,PO2025000133,GRN2025000133,23.0,23,23,506.47,506.47,0.0,0.0,11648.81,12231.25,HOLD,DUPLICATE_AMOUNT_VENDOR,0.0,AP,Medium,602,Open
EXC00028,INV2025000136,V017,Quantum Electricals,PO2025000136,,53.0,53,53,12741.69,12741.69,0.0,0.0,675309.57,796865.29,HOLD,MISSING_GRN,0.0,Receiving,Medium,233,Open
EXC00029,INV2025000141,V031,Ganga Hardware Traders,PO2025000141,GRN2025000141,131.0,131,131,548.61,582.54,6.18,0.0,76312.74,80128.38,HOLD,PRICE_VARIANCE,4444.83,AP,Medium,527,Open
EXC00030,INV2025000142,V024,Zenith Engineering Supplies,PO2025000142,GRN2025000142,162.0,120,120,525.57,558.3,6.23,0.0,66996.0,75035.52,HOLD,PRICE_VARIANCE,3927.6,AP,Medium,134,Open
EXC00031,INV2025000151,V019,Sigma Industrial Products,PO2025000151,GRN2025000151,74.0,74,77,6904.85,6904.85,0.0,4.05,531673.45,595474.26,HOLD,QTY_OVER_RECEIPT,20714.55,Receiving,Medium,335,Open
EXC00032,INV2025000154,V005,Evergreen Facility Products,PO2025000154,GRN2025000154,146.0,146,146,20387.43,23272.64,14.15,0.0,3397805.44,3805542.09,HOLD,PRICE_VARIANCE,421240.66,AP,Critical,38,Open
EXC00033,INV2025000161,V032,Helios Controls,PO2025000161,,11.0,11,11,18896.06,18896.06,0.0,0.0,207856.66,245270.86,HOLD,MISSING_GRN,0.0,Receiving,Medium,525,Open
EXC00034,INV2025000163,V033,Innovatech Solutions,PO2025000163,GRN2025000163,147.0,147,147,127.79,141.87,11.02,0.0,20854.89,21897.63,HOLD,PRICE_VARIANCE,2069.76,AP,Medium,567,Open
EXC00035,INV2025000164,V018,Ridgeway Bearings,PO2025000164,GRN2025000164,121.0,121,121,842.43,985.96,17.04,0.0,119301.16,125266.22,HOLD,PRICE_VARIANCE,17367.13,AP,Medium,0,Open
EXC00036,INV2025000169,V036,Lumina Office Technologies,PO2025000169,GRN2025000169,192.0,192,201,197.35,197.35,0.0,4.69,39667.35,46807.47,HOLD,QTY_OVER_RECEIPT,1776.15,Receiving,Medium,189,Open
EXC00037,INV2026000171,V012,Lotus Packaging India Pvt Ltd,PO2025000171,GRN2025000171,56.0,53,53,3458.39,3458.39,0.0,0.0,183294.67,205290.03,HOLD,DUPLICATE_AMOUNT_VENDOR,0.0,AP,Medium,120,Open
EXC00038,INV2025000175,V013,Metro Fasteners,PO2025000175,,42.0,42,42,1211.01,1211.01,0.0,0.0,50862.42,60017.66,HOLD,MISSING_GRN,0.0,Receiving,Medium,201,Open
EXC00039,INV2025000177,V040,Pioneer Electrical Traders,PO2025000177,GRN2025000177,231.0,231,231,21166.46,24917.33,17.72,0.0,5755903.23,6791965.81,HOLD,PRICE_VARIANCE,866450.97,AP,Critical,320,Open
EXC00040,INV2025000188,V020,Trident Facility Services,PO2025000188,GRN2025000188,157.0,143,151,11901.41,11901.41,0.0,5.59,1797112.91,2012766.46,HOLD,QTY_OVER_RECEIPT,95211.28,Receiving,High,76,Open
EXC00041,INV2026000191,V006,Falcon Electricals India Pvt Ltd,PO2025000191,GRN2025000191,68.0,47,47,692.23,692.23,0.0,0.0,32534.81,34161.55,HOLD,DUPLICATE_AMOUNT_VENDOR,0.0,AP,Medium,142,Open
EXC00042,INV2025000195,V032,Helios Controls,PO2025000195,GRN2025000195,185.0,185,185,3583.38,3802.68,6.12,0.0,703495.8,830125.04,HOLD,PRICE_VARIANCE,40570.5,AP,High,377,Open
EXC00043,INV2025000196,V040,Pioneer Electrical Traders,PO2025000196,,183.0,183,183,514.21,514.21,0.0,0.0,94100.43,111038.51,HOLD,MISSING_GRN,0.0,Receiving,Medium,296,Open
EXC00044,INV2025000207,V039,Omkar Facility Products,PO2025000207,GRN2025000207,41.0,41,44,25498.6,25498.6,0.0,7.32,1121938.4,1178035.32,HOLD,QTY_OVER_RECEIPT,76495.8,Receiving,High,50,Open
EXC00045,INV2025000210,V037,Magnus Tools,PO2025000210,GRN2025000210,142.0,142,142,750.22,817.34,8.95,0.0,116062.28,136953.49,HOLD,PRICE_VARIANCE,9531.04,AP,Medium,422,Open
EXC00046,INV2026000217,V026,Bharat Industrial Stores,PO2025000217,GRN2025000217,111.0,111,111,736.78,736.78,0.0,0.0,81782.58,96503.44,HOLD,DUPLICATE_AMOUNT_VENDOR,0.0,AP,Medium,224,Open
EXC00047,INV2025000225,V023,Westline Consumables,PO2025000225,GRN2025000225,241.0,241,241,528.1,578.16,9.48,0.0,139336.56,156056.95,HOLD,PRICE_VARIANCE,12064.46,AP,Medium,30,Open
EXC00048,INV2026000226,V015,Orbit Maintenance Supplies,PO2025000226,GRN2025000226,184.0,184,184,595.55,595.55,0.0,0.0,109581.2,129305.82,HOLD,DUPLICATE_AMOUNT_VENDOR,0.0,AP,Medium,276,Open
EXC00049,INV2025000232,V023,Westline Consumables,PO2025000232,,104.0,104,104,4078.53,4078.53,0.0,0.0,424167.12,475067.17,HOLD,MISSING_GRN,0.0,Receiving,Medium,227,Open
EXC00050,INV2025000234,V001,Apex Industrial Supplies Pvt Ltd,PO2025000234,GRN2025000234,65.0,65,65,798.05,923.6,15.73,0.0,60034.0,63035.7,HOLD,PRICE_VARIANCE,8160.75,AP,Medium,495,Open
EXC00051,INV2025000241,V008,Horizon IT Distribution,PO2025000241,GRN2025000241,110.0,110,110,949.39,1086.53,14.45,0.0,119518.3,141031.59,HOLD,PRICE_VARIANCE,15085.4,AP,Medium,56,Open
EXC00052,INV2025000247,V004,Delta Engineering Components,PO2025000247,GRN2025000247,247.0,247,259,652.87,652.87,0.0,4.86,169093.33,189384.53,HOLD,QTY_OVER_RECEIPT,7834.44,Receiving,Medium,214,Open
EXC00053,INV2025000252,V001,Apex Industrial Supplies Pvt Ltd,PO2025000252,GRN2025000252,82.0,82,82,436.89,483.76,10.73,0.0,39668.32,41651.74,HOLD,PRICE_VARIANCE,3843.34,AP,Medium,342,Open
EXC00054,INV2025000259,V014,Nova Tech Systems,,GRN2025000259,,0,245,,219.34,,,53738.3,56425.21,HOLD,MISSING_PO,53738.3,AP,High,72,Open
EXC00055,INV2026000263,V037,Magnus Tools,PO2025000263,GRN2025000263,153.0,153,153,358.4,358.4,0.0,0.0,54835.2,64705.54,HOLD,DUPLICATE_AMOUNT_VENDOR,0.0,AP,Medium,461,Open
EXC00056,INV2025000264,V021,United Process Equipment,PO2025000264,GRN2025000264,196.0,196,196,280.96,293.95,4.62,0.0,57614.2,67984.76,HOLD,PRICE_VARIANCE,2546.04,AP,Medium,293,Open
EXC00057,INV2025000277,V038,NexGen Components,PO2025000277,GRN2025000277,66.0,66,67,1362.32,1362.32,0.0,1.52,91275.44,107705.02,HOLD,QTY_OVER_RECEIPT,1362.32,Receiving,Medium,504,Open
EXC00058,INV2025000278,V029,Eagle Stationery Solutions,PO2025000278,GRN2025000278,115.0,115,123,900.45,900.45,0.0,6.96,110755.35,130691.31,HOLD,QTY_OVER_RECEIPT,7203.6,Receiving,Medium,134,Open
EXC00059,INV2025000286,V021,United Process Equipment,PO2025000286,GRN2025000286,150.0,150,150,280.91,312.77,11.34,0.0,46915.5,55360.29,HOLD,PRICE_VARIANCE,4779.0,AP,Medium,80,Open
EXC00060,INV2025000289,V012,Lotus Packaging India Pvt Ltd,PO2025000289,GRN2025000289,148.0,148,148,1235.56,1273.53,3.07,0.0,188482.44,211100.33,HOLD,PRICE_VARIANCE,5619.56,AP,Medium,186,Open
EXC00061,INV2025000291,V018,Ridgeway Bearings,PO2025000291,,141.0,134,141,2863.48,2863.48,0.0,5.22,403750.68,423938.21,HOLD,MISSING_GRN;QTY_OVER_RECEIPT,20044.36,Receiving,Medium,299,Open
EXC00062,INV2025000292,V016,Prime Tools & Components,PO2025000292,GRN2025000292,38.0,38,38,626.85,651.95,4.0,0.0,24774.1,27746.99,HOLD,PRICE_VARIANCE,953.8,AP,Medium,402,Open
EXC00063,INV2025000301,V028,Dynamo Power Systems,PO2025000301,GRN2025000301,110.0,110,110,726.82,830.18,14.22,0.0,91319.8,95885.79,HOLD,PRICE_VARIANCE,11369.6,AP,Medium,482,Open
EXC00064,INV2025000306,V005,Evergreen Facility Products,PO2025000306,GRN2025000306,36.0,36,39,3802.13,3802.13,0.0,8.33,148283.07,166077.04,HOLD,QTY_OVER_RECEIPT,11406.39,Receiving,Medium,298,Open
EXC00065,INV2025000326,V002,BluePeak Office Systems Pvt Ltd,PO2025000326,GRN2025000326,30.0,30,31,19147.1,19147.1,0.0,3.33,593560.1,664787.31,HOLD,QTY_OVER_RECEIPT,19147.1,Receiving,Medium,194,Open
EXC00066,INV2025000336,V022,Vertex Automation,,GRN2025000336,,0,131,,358.21,,,46925.51,55372.1,HOLD,MISSING_PO,46925.51,AP,High,189,Open
EXC00067,INV2025000350,V023,Westline Consumables,PO2025000350,GRN2025000350,116.0,116,120,530.26,530.26,0.0,3.45,63631.2,71266.94,HOLD,QTY_OVER_RECEIPT,2121.04,Receiving,Medium,254,Open
EXC00068,INV2025000351,V034,Jade Logistics Supplies,PO2025000351,GRN2025000351,55.0,35,35,229.25,243.87,6.38,0.0,8535.45,10071.83,HOLD,PRICE_VARIANCE,511.7,AP,Medium,496,Open
EXC00069,INV2026000369,V001,Apex Industrial Supplies Pvt Ltd,PO2025000369,GRN2025000369,221.0,221,221,21886.53,21886.53,0.0,0.0,4836923.13,5078769.29,HOLD,DUPLICATE_AMOUNT_VENDOR,0.0,AP,Medium,546,Open
EXC00070,INV2026000374,V016,Prime Tools & Components,PO2025000374,GRN2025000374,177.0,177,177,788.2,788.2,0.0,0.0,139511.4,156252.77,HOLD,DUPLICATE_AMOUNT_VENDOR,0.0,AP,Medium,237,Open
EXC00071,INV2025000377,V024,Zenith Engineering Supplies,PO2025000377,GRN2025000377,142.0,142,157,1095.39,1095.39,0.0,10.56,171976.23,192613.38,HOLD,QTY_OVER_RECEIPT,16430.85,Receiving,Medium,49,Open
EXC00072,INV2026000384,V025,Arun Safety & PPE,PO2025000384,GRN2025000384,180.0,180,180,166.22,166.22,0.0,0.0,29919.6,33509.95,HOLD,DUPLICATE_AMOUNT_VENDOR,0.0,AP,Medium,538,Open
EXC00073,INV2025000390,V008,Horizon IT Distribution,PO2025000390,GRN2025000390,37.0,29,29,14905.78,15920.62,6.81,0.0,461697.98,544803.62,HOLD,PRICE_VARIANCE,29430.36,AP,High,359,Open
EXC00074,INV2025000395,V009,Indus Mechanical Works,PO2025000395,,201.0,141,201,446.01,446.01,0.0,42.55,89648.01,100405.77,HOLD,MISSING_GRN;QTY_OVER_RECEIPT,26760.6,Receiving,High,243,Open
EXC00075,INV2025000397,V029,Eagle Stationery Solutions,PO2025000397,GRN2025000397,165.0,165,169,1000.88,1000.88,0.0,2.42,169148.72,199595.49,HOLD,QTY_OVER_RECEIPT,4003.52,Receiving,Medium,68,Open
EXC00076,INV2025000399,V032,Helios Controls,PO2025000399,GRN2025000399,219.0,205,214,25448.85,25448.85,0.0,4.39,5446053.9,6426343.6,HOLD,QTY_OVER_RECEIPT,229039.65,Receiving,Critical,385,Open
EXC00077,INV2025000403,V027,Crest Chemicals,,GRN2025000403,,0,164,,793.3,,,130101.2,145713.34,HOLD,MISSING_PO,130101.2,AP,Critical,462,Open
EXC00078,INV2025000404,V008,Horizon IT Distribution,PO2025000404,GRN2025000404,65.0,47,47,4711.44,5362.59,13.82,0.0,252041.73,297409.24,HOLD,PRICE_VARIANCE,30604.05,AP,High,291,Open
EXC00079,INV2025000405,V004,Delta Engineering Components,PO2025000405,,144.0,144,144,1061.29,1061.29,0.0,0.0,152825.76,171164.85,HOLD,MISSING_GRN,0.0,Receiving,Medium,149,Open
EXC00080,INV2025000409,V005,Evergreen Facility Products,PO2025000409,,37.0,37,37,880.89,880.89,0.0,0.0,32592.93,36504.08,HOLD,MISSING_GRN,0.0,Receiving,Medium,45,Open
EXC00081,INV2025000415,V031,Ganga Hardware Traders,PO2025000415,GRN2025000415,186.0,186,188,29154.49,29154.49,0.0,1.08,5481044.12,5755096.33,HOLD,QTY_OVER_RECEIPT,58308.98,Receiving,High,56,Open
EXC00082,INV2025000420,V010,Jupiter Office Products,PO2025000420,GRN2025000420,82.0,82,90,1912.82,1912.82,0.0,9.76,172153.8,203141.48,HOLD,QTY_OVER_RECEIPT,15302.56,Receiving,Medium,164,Open
EXC00083,INV2025000425,V028,Dynamo Power Systems,PO2025000425,GRN2025000425,177.0,177,190,808.65,808.65,0.0,7.34,153643.5,161325.68,HOLD,QTY_OVER_RECEIPT,10512.45,Receiving,Medium,268,Open
EXC00084,INV2025000430,V002,BluePeak Office Systems Pvt Ltd,PO2025000430,GRN2025000430,30.0,30,30,17444.54,19897.57,14.06,0.0,596927.1,668558.35,HOLD,PRICE_VARIANCE,73590.9,AP,High,561,Open
EXC00085,INV2025000435,V021,United Process Equipment,PO2025000435,GRN2025000435,36.0,36,36,291.51,314.64,7.93,0.0,11327.04,13365.91,HOLD,PRICE_VARIANCE,832.68,AP,Medium,126,Open
EXC00086,INV2025000443,V020,Trident Facility Services,PO2025000443,GRN2025000443,220.0,220,240,604.14,604.14,0.0,9.09,144993.6,162392.83,HOLD,QTY_OVER_RECEIPT,12082.8,Receiving,Medium,590,Open
EXC00087,INV2026000445,V025,Arun Safety & PPE,PO2025000445,GRN2025000445,18.0,18,18,39390.84,39390.84,0.0,0.0,709035.12,794119.33,HOLD,DUPLICATE_AMOUNT_VENDOR,0.0,AP,Medium,574,Open
EXC00088,INV2025000449,V028,Dynamo Power Systems,PO2025000449,GRN2025000449,83.0,83,83,732.45,863.29,17.86,0.0,71653.07,75235.72,HOLD,PRICE_VARIANCE,10859.72,AP,Medium,445,Open
EXC00089,INV2025000477,V031,Ganga Hardware Traders,,GRN2025000477,,0,69,,516.11,,,35611.59,37392.17,HOLD,MISSING_PO,35611.59,AP,High,375,Open
EXC00090,INV2025000481,V032,Helios Controls,PO2025000481,,82.0,82,82,1489.54,1489.54,0.0,0.0,122142.28,144127.89,HOLD,MISSING_GRN,0.0,Receiving,Medium,385,Open
EXC00091,INV2025000490,V039,Omkar Facility Products,PO2025000490,GRN2025000490,111.0,111,113,1151.05,1151.05,0.0,1.8,130068.65,136572.08,HOLD,QTY_OVER_RECEIPT,2302.1,Receiving,Medium,134,Open
EXC00092,INV2026000492,V021,United Process Equipment,PO2025000492,GRN2025000492,159.0,159,159,1437.74,1437.74,0.0,0.0,228600.66,269748.78,HOLD,DUPLICATE_AMOUNT_VENDOR,0.0,AP,Medium,155,Open
EXC00093,INV2025000498,V020,Trident Facility Services,PO2025000498,,105.0,105,105,2645.49,2645.49,0.0,0.0,277776.45,311109.62,HOLD,MISSING_GRN,0.0,Receiving,Medium,230,Open
EXC00094,INV2025000522,V004,Delta Engineering Components,PO2025000522,GRN2025000522,48.0,29,30,617.67,617.67,0.0,3.45,18530.1,20753.71,HOLD,QTY_OVER_RECEIPT,617.67,Receiving,Medium,515,Open
EXC00095,INV2025000525,V019,Sigma Industrial Products,PO2025000525,GRN2025000525,245.0,245,245,811.29,847.22,4.43,0.0,207568.9,232477.17,HOLD,PRICE_VARIANCE,8802.85,AP,Medium,71,Open
EXC00096,INV2025000536,V030,Frontier Components,PO2025000536,,228.0,228,228,658.07,658.07,0.0,0.0,150039.96,177047.15,HOLD,MISSING_GRN,0.0,Receiving,Medium,114,Open
EXC00097,INV2025000548,V020,Trident Facility Services,PO2025000548,GRN2025000548,111.0,111,120,132.38,132.38,0.0,8.11,15885.6,17791.87,HOLD,QTY_OVER_RECEIPT,1191.42,Receiving,Medium,430,Open
EXC00098,INV2025000549,V019,Sigma Industrial Products,PO2025000549,GRN2025000549,167.0,118,118,450.09,490.88,9.06,0.0,57923.84,64874.7,HOLD,PRICE_VARIANCE,4813.22,AP,Medium,494,Open
EXC00099,INV2025000552,V008,Horizon IT Distribution,PO2025000552,GRN2025000552,33.0,33,35,227.11,227.11,0.0,6.06,7948.85,9379.64,HOLD,QTY_OVER_RECEIPT,454.22,Receiving,Medium,136,Open
EXC00100,INV2025000556,V003,Crown Packaging Solutions,PO2025000556,,191.0,191,191,179.15,179.15,0.0,0.0,34217.65,35928.53,HOLD,MISSING_GRN,0.0,Receiving,Medium,484,Open
EXC00101,INV2026000561,V021,United Process Equipment,PO2025000561,GRN2025000561,115.0,115,115,11351.99,11351.99,0.0,0.0,1305478.85,1540465.04,HOLD,DUPLICATE_AMOUNT_VENDOR,0.0,AP,Medium,445,Open
EXC00102,INV2025000573,V038,NexGen Components,PO2025000573,GRN2025000573,235.0,235,235,756.06,781.57,3.37,0.0,183668.95,216729.36,HOLD,PRICE_VARIANCE,5994.85,AP,Medium,224,Open
EXC00103,INV2025000575,V014,Nova Tech Systems,PO2025000575,GRN2025000575,192.0,192,208,178.55,178.55,0.0,8.33,37138.4,38995.32,HOLD,QTY_OVER_RECEIPT,2856.8,Receiving,Medium,3,Open
EXC00104,INV2025000581,V029,Eagle Stationery Solutions,PO2025000581,,32.0,32,32,133.82,133.82,0.0,0.0,4282.24,5053.04,HOLD,MISSING_GRN,0.0,Receiving,Medium,484,Open
EXC00105,INV2025000585,V001,Apex Industrial Supplies Pvt Ltd,PO2025000585,,162.0,162,162,910.34,910.34,0.0,0.0,147475.08,154848.83,HOLD,MISSING_GRN,0.0,Receiving,Medium,438,Open
EXC00106,INV2025000587,V034,Jade Logistics Supplies,PO2025000587,GRN2025000587,3.0,3,3,200.17,215.62,7.72,0.0,646.86,763.29,HOLD,PRICE_VARIANCE,46.35,AP,Medium,263,Open
EXC00107,INV2025000605,V029,Eagle Stationery Solutions,PO2025000605,GRN2025000605,4.0,4,4,888.74,989.22,11.31,0.0,3956.88,4669.12,HOLD,PRICE_VARIANCE,401.92,AP,Medium,462,Open
EXC00108,INV2025000606,V031,Ganga Hardware Traders,,GRN2025000606,,0,126,,25228.31,,,3178767.06,3337705.41,HOLD,MISSING_PO,3178767.06,AP,Critical,268,Open
EXC00109,INV2026000626,V010,Jupiter Office Products,PO2025000626,GRN2025000626,111.0,111,111,391.18,391.18,0.0,0.0,43420.98,51236.76,HOLD,DUPLICATE_AMOUNT_VENDOR,0.0,AP,Medium,65,Open
EXC00110,INV2025000634,V022,Vertex Automation,PO2025000634,GRN2025000634,162.0,162,171,732.51,732.51,0.0,5.56,125259.21,147805.87,HOLD,QTY_OVER_RECEIPT,6592.59,Receiving,Medium,598,Open
EXC00111,INV2025000645,V018,Ridgeway Bearings,PO2025000645,GRN2025000645,195.0,195,198,441.32,441.32,0.0,1.54,87381.36,91750.43,HOLD,QTY_OVER_RECEIPT,1323.96,Receiving,Medium,162,Open
EXC00112,INV2025000657,V011,Kaveri Industrial Traders,PO2025000657,GRN2025000657,196.0,196,196,168.0,188.04,11.93,0.0,36855.84,43489.89,HOLD,PRICE_VARIANCE,3927.84,AP,Medium,525,Open
EXC00113,INV2025000670,V030,Frontier Components,,GRN2025000670,,0,5,,926.37,,,4631.85,5465.58,HOLD,MISSING_PO,4631.85,AP,Medium,292,Open
EXC00114,INV2026000680,V034,Jade Logistics Supplies,PO2025000680,GRN2025000680,205.0,205,205,420.73,420.73,0.0,0.0,86249.65,101774.59,HOLD,DUPLICATE_AMOUNT_VENDOR,0.0,AP,Medium,275,Open
EXC00115,INV2025000694,V040,Pioneer Electrical Traders,PO2025000694,GRN2025000694,44.0,44,44,1228.66,1436.9,16.95,0.0,63223.6,74603.85,HOLD,PRICE_VARIANCE,9162.56,AP,Medium,200,Open
EXC00116,INV2025000697,V035,Keystone Industrial Products,,GRN2025000697,,0,27,,820.14,,,22143.78,24801.03,HOLD,MISSING_PO,22143.78,AP,Medium,344,Open
EXC00117,INV2025000714,V002,BluePeak Office Systems Pvt Ltd,,GRN2025000714,,0,213,,673.4,,,143434.2,160646.3,HOLD,MISSING_PO,143434.2,AP,Critical,269,Open
EXC00118,INV2025000719,V029,Eagle Stationery Solutions,PO2025000719,GRN2025000719,52.0,33,37,4030.07,4030.07,0.0,12.12,149112.59,175952.86,HOLD,QTY_OVER_RECEIPT,16120.28,Receiving,Medium,122,Open
EXC00119,INV2025000721,V016,Prime Tools & Components,PO2025000721,GRN2025000721,31.0,31,31,954.25,1080.47,13.23,0.0,33494.57,37513.92,HOLD,PRICE_VARIANCE,3912.82,AP,Medium,335,Open
EXC00120,INV2026000722,V028,Dynamo Power Systems,PO2025000722,GRN2025000722,157.0,157,157,1221.07,1221.07,0.0,0.0,191707.99,201293.39,HOLD,DUPLICATE_AMOUNT_VENDOR,0.0,AP,Medium,490,Open
EXC00121,INV2025000726,V006,Falcon Electricals India Pvt Ltd,PO2025000726,GRN2025000726,90.0,90,95,1137.91,1137.91,0.0,5.56,108101.45,113506.52,HOLD,QTY_OVER_RECEIPT,5689.55,Receiving,Medium,604,Open
EXC00122,INV2025000728,V033,Innovatech Solutions,PO2025000728,GRN2025000728,120.0,120,120,4860.45,5425.09,11.62,0.0,651010.8,683561.34,HOLD,PRICE_VARIANCE,67756.8,AP,High,30,Open
EXC00123,INV2025000729,V018,Ridgeway Bearings,,GRN2025000729,,0,224,,26069.49,,,5839565.76,6131544.05,HOLD,MISSING_PO,5839565.76,AP,Critical,173,Open
EXC00124,INV2025000735,V010,Jupiter Office Products,PO2025000735,,90.0,90,90,1531.03,1531.03,0.0,0.0,137792.7,162595.39,HOLD,MISSING_GRN,0.0,Receiving,Medium,94,Open
EXC00125,INV2025000745,V031,Ganga Hardware Traders,PO2025000745,GRN2025000745,166.0,166,166,107.65,118.97,10.52,0.0,19749.02,20736.47,HOLD,PRICE_VARIANCE,1879.12,AP,Medium,229,Open
EXC00126,INV2025000760,V021,United Process Equipment,PO2025000760,,247.0,247,247,4083.39,4083.39,0.0,0.0,1008597.33,1190144.85,HOLD,MISSING_GRN,0.0,Receiving,Medium,511,Open
EXC00127,INV2025000765,V031,Ganga Hardware Traders,PO2025000765,GRN2025000765,241.0,241,268,14288.91,14288.91,0.0,11.2,3829427.88,4020899.27,HOLD,QTY_OVER_RECEIPT,385800.57,Receiving,Critical,15,Open
EXC00128,INV2025000770,V017,Quantum Electricals,PO2025000770,GRN2025000770,242.0,242,252,744.56,744.56,0.0,4.13,187629.12,221402.36,HOLD,QTY_OVER_RECEIPT,7445.6,Receiving,Medium,584,Open
EXC00129,INV2025000787,V023,Westline Consumables,PO2025000787,,31.0,31,31,812.8,812.8,0.0,0.0,25196.8,28220.42,HOLD,MISSING_GRN,0.0,Receiving,Medium,271,Open
EXC00130,INV2025000790,V022,Vertex Automation,PO2025000790,GRN2025000790,8.0,8,8,103.94,120.05,15.5,0.0,960.4,1133.27,HOLD,PRICE_VARIANCE,128.88,AP,Medium,293,Open
EXC00131,INV2025000796,V026,Bharat Industrial Stores,PO2025000796,GRN2025000796,210.0,210,210,787.47,842.3,6.96,0.0,176883.0,208721.94,HOLD,PRICE_VARIANCE,11514.3,AP,Medium,24,Open
EXC00132,INV2026000806,V016,Prime Tools & Components,PO2025000806,GRN2025000806,177.0,177,177,600.02,600.02,0.0,0.0,106203.54,118947.96,HOLD,DUPLICATE_AMOUNT_VENDOR,0.0,AP,Medium,21,Open
EXC00133,INV2025000810,V032,Helios Controls,PO2025000810,GRN2025000810,196.0,196,203,1091.13,1091.13,0.0,3.57,221499.39,261369.28,HOLD,QTY_OVER_RECEIPT,7637.91,Receiving,Medium,159,Open
EXC00134,INV2025000814,V004,Delta Engineering Components,PO2025000814,GRN2025000814,5.0,4,5,556.81,556.81,0.0,25.0,2784.05,3118.14,HOLD,QTY_OVER_RECEIPT,556.81,Receiving,Medium,348,Open
EXC00135,INV2025000820,V009,Indus Mechanical Works,PO2025000820,GRN2025000820,104.0,104,104,1271.8,1320.63,3.84,0.0,137345.52,153826.98,HOLD,PRICE_VARIANCE,5078.32,AP,Medium,275,Open
EXC00136,INV2025000821,V021,United Process Equipment,PO2025000821,GRN2025000821,173.0,173,173,910.9,1011.3,11.02,0.0,174954.9,206446.78,HOLD,PRICE_VARIANCE,17369.2,AP,Medium,542,Open
EXC00137,INV2025000823,V011,Kaveri Industrial Traders,PO2025000823,GRN2025000823,49.0,49,51,1105.41,1105.41,0.0,4.08,56375.91,66523.57,HOLD,QTY_OVER_RECEIPT,2210.82,Receiving,Medium,216,Open
EXC00138,INV2025000825,V030,Frontier Components,PO2025000825,GRN2025000825,51.0,51,51,840.03,865.73,3.06,0.0,44152.23,52099.63,HOLD,PRICE_VARIANCE,1310.7,AP,Medium,176,Open
EXC00139,INV2025000829,V039,Omkar Facility Products,,GRN2025000829,,0,109,,841.59,,,91733.31,96319.98,HOLD,MISSING_PO,91733.31,AP,High,6,Open
EXC00140,INV2025000842,V033,Innovatech Solutions,PO2025000842,GRN2025000842,10.0,10,10,473.0,541.8,14.55,0.0,5418.0,5688.9,HOLD,PRICE_VARIANCE,688.0,AP,Medium,564,Open
EXC00141,INV2026000847,V004,Delta Engineering Components,PO2025000847,GRN2025000847,18.0,18,18,209.46,209.46,0.0,0.0,3770.28,4222.71,HOLD,DUPLICATE_AMOUNT_VENDOR,0.0,AP,Medium,98,Open
EXC00142,INV2025000855,V037,Magnus Tools,PO2025000855,GRN2025000855,109.0,109,109,1622.61,1908.19,17.6,0.0,207992.71,245431.4,HOLD,PRICE_VARIANCE,31128.22,AP,High,238,Open
EXC00143,INV2025000874,V010,Jupiter Office Products,PO2025000874,GRN2025000874,229.0,229,229,3688.59,4320.88,17.14,0.0,989481.52,1167588.19,HOLD,PRICE_VARIANCE,144794.41,AP,Critical,196,Open
EXC00144,INV2026000875,V011,Kaveri Industrial Traders,PO2025000875,GRN2025000875,148.0,90,90,186.54,186.54,0.0,0.0,16788.6,19810.55,HOLD,DUPLICATE_AMOUNT_VENDOR,0.0,AP,Medium,196,Open
EXC00145,INV2025000877,V010,Jupiter Office Products,PO2025000877,GRN2025000877,13.0,13,13,186.02,205.91,10.69,0.0,2676.83,3158.66,HOLD,PRICE_VARIANCE,258.57,AP,Medium,396,Open
EXC00146,INV2025000878,V010,Jupiter Office Products,PO2025000878,,70.0,70,70,3079.4,3079.4,0.0,0.0,215558.0,254358.44,HOLD,MISSING_GRN,0.0,Receiving,Medium,438,Open
EXC00147,INV2025000889,V005,Evergreen Facility Products,PO2025000889,GRN2025000889,29.0,29,30,10603.59,10603.59,0.0,3.45,318107.7,356280.62,HOLD,QTY_OVER_RECEIPT,10603.59,Receiving,Medium,287,Open
EXC00148,INV2026000902,V025,Arun Safety & PPE,PO2025000902,GRN2025000902,87.0,87,87,601.82,601.82,0.0,0.0,52358.34,58641.34,HOLD,DUPLICATE_AMOUNT_VENDOR,0.0,AP,Medium,533,Open
EXC00149,INV2025000907,V016,Prime Tools & Components,PO2025000907,GRN2025000907,151.0,151,158,393.16,393.16,0.0,4.64,62119.28,69573.59,HOLD,QTY_OVER_RECEIPT,2752.12,Receiving,Medium,439,Open
EXC00150,INV2025000917,V035,Keystone Industrial Products,,GRN2025000917,,0,43,,1173.19,,,50447.17,56500.83,HOLD,MISSING_PO,50447.17,AP,High,166,Open
EXC00151,INV2025000918,V031,Ganga Hardware Traders,PO2025000918,GRN2025000918,49.0,50,50,331.53,370.04,11.62,0.0,18502.0,19427.1,HOLD,PRICE_VARIANCE,1925.5,AP,Medium,255,Open
EXC00152,INV2025000921,V026,Bharat Industrial Stores,PO2025000921,GRN2025000921,182.0,182,195,637.65,637.65,0.0,7.14,124341.75,146723.26,HOLD,QTY_OVER_RECEIPT,8289.45,Receiving,Medium,66,Open
EXC00153,INV2025000924,V034,Jade Logistics Supplies,PO2025000924,GRN2025000924,23.0,23,23,538.35,606.87,12.73,0.0,13958.01,16470.45,HOLD,PRICE_VARIANCE,1575.96,AP,Medium,394,Open
EXC00154,INV2025000939,V023,Westline Consumables,,GRN2025000939,,0,177,,632.26,,,111910.02,125339.22,HOLD,MISSING_PO,111910.02,AP,Critical,396,Open
EXC00155,INV2025000957,V014,Nova Tech Systems,PO2025000957,GRN2025000957,210.0,210,210,2633.82,2966.24,12.62,0.0,622910.4,654055.92,HOLD,PRICE_VARIANCE,69808.2,AP,High,606,Open
EXC00156,INV2025000959,V022,Vertex Automation,PO2025000959,GRN2025000959,147.0,147,147,1098.47,1288.87,17.33,0.0,189463.89,223567.39,HOLD,PRICE_VARIANCE,27988.8,AP,High,66,Open
EXC00157,INV2025000962,V020,Trident Facility Services,PO2025000962,GRN2025000962,179.0,179,195,435.95,435.95,0.0,8.94,85010.25,95211.48,HOLD,QTY_OVER_RECEIPT,6975.2,Receiving,Medium,449,Open
EXC00158,INV2025000964,V023,Westline Consumables,,GRN2025000964,,0,210,,481.78,,,101173.8,113314.66,HOLD,MISSING_PO,101173.8,AP,Critical,0,Open
EXC00159,INV2025000968,V040,Pioneer Electrical Traders,PO2025000968,GRN2025000968,82.0,82,83,21799.25,21799.25,0.0,1.22,1809337.75,2135018.54,HOLD,QTY_OVER_RECEIPT,21799.25,Receiving,Medium,256,Open
EXC00160,INV2025000980,V001,Apex Industrial Supplies Pvt Ltd,PO2025000980,GRN2025000980,243.0,168,168,1539.94,1641.44,6.59,0.0,275761.92,289550.02,HOLD,PRICE_VARIANCE,17052.0,AP,Medium,582,Open
EXC00161,INV2026000994,V007,Gamma Safety Solutions,PO2025000994,GRN2025000994,228.0,174,174,189.78,189.78,0.0,0.0,33021.72,34672.81,HOLD,DUPLICATE_AMOUNT_VENDOR,0.0,AP,Medium,44,Open
EXC00162,INV2025001007,V022,Vertex Automation,PO2025001007,,144.0,134,144,1595.33,1595.33,0.0,7.46,229727.52,271078.47,HOLD,MISSING_GRN;QTY_OVER_RECEIPT,15953.3,Receiving,Medium,519,Open
EXC00163,INV2025001013,V015,Orbit Maintenance Supplies,PO2025001013,GRN2025001013,213.0,213,213,862.11,978.27,13.47,0.0,208371.51,245878.38,HOLD,PRICE_VARIANCE,24742.08,AP,Medium,209,Open
EXC00164,INV2025001014,V020,Trident Facility Services,PO2025001014,GRN2025001014,129.0,129,129,39474.54,42741.84,8.28,0.0,5513697.36,6175341.04,HOLD,PRICE_VARIANCE,421481.7,AP,Critical,131,Open
EXC00165,INV2025001018,V011,Kaveri Industrial Traders,PO2025001018,GRN2025001018,139.0,139,139,3284.4,3818.55,16.26,0.0,530778.45,626318.57,HOLD,PRICE_VARIANCE,74246.85,AP,High,335,Open
EXC00166,INV2025001021,V040,Pioneer Electrical Traders,PO2025001021,GRN2025001021,11.0,10,11,1511.46,1511.46,0.0,10.0,16626.06,19618.75,HOLD,QTY_OVER_RECEIPT,1511.46,Receiving,Medium,48,Open
EXC00167,INV2025001041,V014,Nova Tech Systems,PO2025001041,GRN2025001041,110.0,110,110,720.78,800.78,11.1,0.0,88085.8,92490.09,HOLD,PRICE_VARIANCE,8800.0,AP,Medium,618,Open
EXC00168,INV2025001044,V035,Keystone Industrial Products,PO2025001044,GRN2025001044,85.0,60,61,187.04,187.04,0.0,1.67,11409.44,12778.57,HOLD,QTY_OVER_RECEIPT,187.04,Receiving,Medium,517,Open
EXC00169,INV2025001057,V025,Arun Safety & PPE,PO2025001057,GRN2025001057,198.0,124,134,918.31,918.31,0.0,8.06,123053.54,137819.96,HOLD,QTY_OVER_RECEIPT,9183.1,Receiving,Medium,51,Open
EXC00170,INV2025001066,V019,Sigma Industrial Products,PO2025001066,GRN2025001066,27.0,27,29,514.74,514.74,0.0,7.41,14927.46,16718.76,HOLD,QTY_OVER_RECEIPT,1029.48,Receiving,Medium,345,Open
EXC00171,INV2025001070,V018,Ridgeway Bearings,PO2025001070,GRN2025001070,214.0,134,134,687.8,779.92,13.39,0.0,104509.28,109734.74,HOLD,PRICE_VARIANCE,12344.08,AP,Medium,362,Open
EXC00172,INV2025001074,V037,Magnus Tools,PO2025001074,GRN2025001074,72.0,59,61,637.13,637.13,0.0,3.39,38864.93,45860.62,HOLD,QTY_OVER_RECEIPT,1274.26,Receiving,Medium,231,Open
EXC00173,INV2025001080,V014,Nova Tech Systems,PO2025001080,GRN2025001080,121.0,94,94,444.8,509.9,14.64,0.0,47930.6,50327.13,HOLD,PRICE_VARIANCE,6119.4,AP,Medium,316,Open
EXC00174,INV2025001085,V019,Sigma Industrial Products,PO2025001085,,217.0,217,217,958.41,958.41,0.0,0.0,207974.97,232931.97,HOLD,MISSING_GRN,0.0,Receiving,Medium,181,Open
EXC00175,INV2025001092,V013,Metro Fasteners,PO2025001092,GRN2025001092,145.0,134,137,2506.71,2506.71,0.0,2.24,343419.27,405234.74,HOLD,QTY_OVER_RECEIPT,7520.13,Receiving,Medium,231,Open
EXC00176,INV2025001103,V016,Prime Tools & Components,,GRN2025001103,,0,78,,626.97,,,48903.66,54772.1,HOLD,MISSING_PO,48903.66,AP,High,477,Open
EXC00177,INV2025001113,V037,Magnus Tools,PO2025001113,GRN2025001113,3.0,3,3,25500.68,29930.04,17.37,0.0,89790.12,105952.34,HOLD,PRICE_VARIANCE,13288.08,AP,Medium,73,Open
EXC00178,INV2025001115,V003,Crown Packaging Solutions,,GRN2025001115,,0,131,,409.62,,,53660.22,56343.23,HOLD,MISSING_PO,53660.22,AP,High,591,Open
EXC00179,INV2025001119,V017,Quantum Electricals,PO2025001119,GRN2025001119,198.0,198,210,666.45,666.45,0.0,6.06,139954.5,165146.31,HOLD,QTY_OVER_RECEIPT,7997.4,Receiving,Medium,60,Open
EXC00180,INV2025001121,V005,Evergreen Facility Products,PO2025001121,GRN2025001121,4.0,4,4,1439.72,1557.31,8.17,0.0,6229.24,6976.75,HOLD,PRICE_VARIANCE,470.36,AP,Medium,148,Open
EXC00181,INV2025001123,V017,Quantum Electricals,,GRN2025001123,,0,64,,751.74,,,48111.36,56771.4,HOLD,MISSING_PO,48111.36,AP,High,238,Open
EXC00182,INV2025001128,V037,Magnus Tools,PO2025001128,GRN2025001128,209.0,209,209,1750.41,2040.26,16.56,0.0,426414.34,503168.92,HOLD,PRICE_VARIANCE,60578.65,AP,High,277,Open
EXC00183,INV2026001164,V012,Lotus Packaging India Pvt Ltd,PO2025001164,GRN2025001164,162.0,162,162,1285.73,1285.73,0.0,0.0,208288.26,233282.85,HOLD,DUPLICATE_AMOUNT_VENDOR,0.0,AP,Medium,204,Open
EXC00184,INV2026001176,V034,Jade Logistics Supplies,PO2025001176,GRN2025001176,49.0,37,37,764.68,764.68,0.0,0.0,28293.16,33385.93,HOLD,DUPLICATE_AMOUNT_VENDOR,0.0,AP,Medium,422,Open
EXC00185,INV2025001179,V004,Delta Engineering Components,PO2025001179,GRN2025001179,2.0,2,2,32134.47,36967.39,15.04,0.0,73934.78,82806.95,HOLD,PRICE_VARIANCE,9665.84,AP,Medium,384,Open
EXC00186,INV2025001182,V016,Prime Tools & Components,PO2025001182,GRN2025001182,20.0,20,20,1207.14,1362.87,12.9,0.0,27257.4,30528.29,HOLD,PRICE_VARIANCE,3114.6,AP,Medium,148,Open
EXC00187,INV2025001186,V011,Kaveri Industrial Traders,PO2025001186,GRN2025001186,186.0,192,198,104.43,104.43,0.0,3.12,20677.14,24399.03,HOLD,QTY_OVER_RECEIPT,626.58,Receiving,Medium,378,Open
EXC00188,INV2026001202,V036,Lumina Office Technologies,PO2025001202,GRN2025001202,87.0,70,70,1215.16,1215.16,0.0,0.0,85061.2,100372.22,HOLD,DUPLICATE_AMOUNT_VENDOR,0.0,AP,Medium,510,Open
EXC00189,INV2025001204,V009,Indus Mechanical Works,PO2025001204,,100.0,100,100,106.62,106.62,0.0,0.0,10662.0,11941.44,HOLD,MISSING_GRN,0.0,Receiving,Medium,494,Open
EXC00190,INV2025001215,V020,Trident Facility Services,PO2025001215,GRN2025001215,99.0,99,99,771.9,901.45,16.78,0.0,89243.55,99952.78,HOLD,PRICE_VARIANCE,12825.45,AP,Medium,103,Open
EXC00191,INV2025001217,V040,Pioneer Electrical Traders,PO2025001217,,71.0,71,71,206.76,206.76,0.0,0.0,14679.96,17322.35,HOLD,MISSING_GRN,0.0,Receiving,Medium,318,Open
EXC00192,INV2025001224,V016,Prime Tools & Components,PO2025001224,GRN2025001224,24.0,24,25,17307.13,17307.13,0.0,4.17,432678.25,484599.64,HOLD,QTY_OVER_RECEIPT,17307.13,Receiving,Medium,339,Open
EXC00193,INV2026001238,V030,Frontier Components,PO2025001238,GRN2025001238,10.0,10,10,13193.71,13193.71,0.0,0.0,131937.1,155685.78,HOLD,DUPLICATE_AMOUNT_VENDOR,0.0,AP,Medium,259,Open
EXC00194,INV2025001250,V039,Omkar Facility Products,PO2025001250,GRN2025001250,197.0,210,210,759.54,876.41,15.39,0.0,184046.1,193248.41,HOLD,PRICE_VARIANCE,24542.7,AP,Medium,616,Open
EXC00195,INV2025001255,V029,Eagle Stationery Solutions,PO2025001255,GRN2025001255,50.0,35,40,15937.75,15937.75,0.0,14.29,637510.0,752261.8,HOLD,QTY_OVER_RECEIPT,79688.75,Receiving,High,119,Open
EXC00196,INV2025001264,V006,Falcon Electricals India Pvt Ltd,PO2025001264,GRN2025001264,35.0,35,35,4699.86,4877.08,3.77,0.0,170697.8,179232.69,HOLD,PRICE_VARIANCE,6202.7,AP,Medium,342,Open
EXC00197,INV2025001267,V015,Orbit Maintenance Supplies,PO2025001267,GRN2025001267,158.0,158,158,1021.97,1171.69,14.65,0.0,185127.02,218449.88,HOLD,PRICE_VARIANCE,23655.76,AP,Medium,176,Open
EXC00198,INV2025001270,V026,Bharat Industrial Stores,PO2025001270,GRN2025001270,10.0,9,10,470.31,470.31,0.0,11.11,4703.1,5549.66,HOLD,QTY_OVER_RECEIPT,470.31,Receiving,Medium,158,Open
EXC00199,INV2025001283,V003,Crown Packaging Solutions,PO2025001283,GRN2025001283,52.0,52,52,157.17,168.34,7.11,0.0,8753.68,9191.36,HOLD,PRICE_VARIANCE,580.84,AP,Medium,247,Open
EXC00200,INV2026001288,V006,Falcon Electricals India Pvt Ltd,PO2025001288,GRN2025001288,227.0,205,205,1166.71,1166.71,0.0,0.0,239175.55,251134.33,HOLD,DUPLICATE_AMOUNT_VENDOR,0.0,AP,Medium,140,Open
EXC00201,INV2025001292,V036,Lumina Office Technologies,PO2025001292,GRN2025001292,231.0,231,245,17366.56,17366.56,0.0,6.06,4254807.2,5020672.5,HOLD,QTY_OVER_RECEIPT,243131.84,Receiving,Critical,430,Open
EXC00202,INV2026001296,V018,Ridgeway Bearings,PO2025001296,GRN2025001296,38.0,38,38,261.05,261.05,0.0,0.0,9919.9,10415.9,HOLD,DUPLICATE_AMOUNT_VENDOR,0.0,AP,Medium,306,Open
EXC00203,INV2025001297,V001,Apex Industrial Supplies Pvt Ltd,PO2025001297,GRN2025001297,72.0,72,72,754.89,848.35,12.38,0.0,61081.2,64135.26,HOLD,PRICE_VARIANCE,6729.12,AP,Medium,394,Open
EXC00204,INV2025001304,V007,Gamma Safety Solutions,PO2025001304,GRN2025001304,246.0,204,204,229.59,251.55,9.56,0.0,51316.2,53882.01,HOLD,PRICE_VARIANCE,4479.84,AP,Medium,245,Open
EXC00205,INV2025001308,V027,Crest Chemicals,PO2025001308,GRN2025001308,154.0,154,170,1113.14,1113.14,0.0,10.39,189233.8,211941.86,HOLD,QTY_OVER_RECEIPT,17810.24,Receiving,Medium,239,Open
EXC00206,INV2025001313,V023,Westline Consumables,PO2025001313,GRN2025001313,149.0,149,149,884.2,1037.77,17.37,0.0,154627.73,173183.06,HOLD,PRICE_VARIANCE,22881.93,AP,Medium,526,Open
EXC00207,INV2025001318,V018,Ridgeway Bearings,PO2025001318,GRN2025001318,2.0,2,2,1233.15,1405.2,13.95,0.0,2810.4,2950.92,HOLD,PRICE_VARIANCE,344.1,AP,Medium,204,Open
EXC00208,INV2025001320,V015,Orbit Maintenance Supplies,PO2025001320,GRN2025001320,236.0,236,254,1097.91,1097.91,0.0,7.63,278869.14,329065.59,HOLD,QTY_OVER_RECEIPT,19762.38,Receiving,Medium,147,Open
EXC00209,INV2025001328,V018,Ridgeway Bearings,PO2025001328,GRN2025001328,95.0,61,61,11198.35,11856.12,5.87,0.0,723223.32,759384.49,HOLD,PRICE_VARIANCE,40123.97,AP,High,246,Open
EXC00210,INV2025001331,V032,Helios Controls,PO2025001331,GRN2025001331,97.0,97,97,722.79,745.05,3.08,0.0,72269.85,85278.42,HOLD,PRICE_VARIANCE,2159.22,AP,Medium,345,Open
EXC00211,INV2025001332,V024,Zenith Engineering Supplies,PO2025001332,GRN2025001332,222.0,169,169,851.94,993.73,16.64,0.0,167940.37,188093.21,HOLD,PRICE_VARIANCE,23962.51,AP,Medium,552,Open
EXC00212,INV2025001334,V017,Quantum Electricals,PO2025001334,,44.0,41,44,968.15,968.15,0.0,7.32,42598.6,50266.35,HOLD,MISSING_GRN;QTY_OVER_RECEIPT,2904.45,Receiving,Medium,259,Open
EXC00213,INV2025001337,V014,Nova Tech Systems,PO2025001337,GRN2025001337,126.0,126,126,21655.79,23681.25,9.35,0.0,2983837.5,3133029.38,HOLD,PRICE_VARIANCE,255207.96,AP,Critical,523,Open
EXC00214,INV2025001344,V005,Evergreen Facility Products,PO2025001344,GRN2025001344,59.0,59,62,327.0,327.0,0.0,5.08,20274.0,22706.88,HOLD,QTY_OVER_RECEIPT,981.0,Receiving,Medium,81,Open
EXC00215,INV2025001353,V038,NexGen Components,PO2025001353,GRN2025001353,178.0,178,178,912.53,1074.88,17.79,0.0,191328.64,225767.8,HOLD,PRICE_VARIANCE,28898.3,AP,High,298,Open
EXC00216,INV2026001355,V020,Trident Facility Services,PO2025001355,GRN2025001355,94.0,94,94,129.23,129.23,0.0,0.0,12147.62,13605.33,HOLD,DUPLICATE_AMOUNT_VENDOR,0.0,AP,Medium,220,Open
EXC00217,INV2026001356,V015,Orbit Maintenance Supplies,PO2025001356,GRN2025001356,10.0,10,10,1834.45,1834.45,0.0,0.0,18344.5,21646.51,HOLD,DUPLICATE_AMOUNT_VENDOR,0.0,AP,Medium,309,Open
EXC00218,INV2025001357,V015,Orbit Maintenance Supplies,PO2025001357,GRN2025001357,245.0,245,245,730.66,770.3,5.43,0.0,188723.5,222693.73,HOLD,PRICE_VARIANCE,9711.8,AP,Medium,473,Open
EXC00219,INV2025001363,V018,Ridgeway Bearings,PO2025001363,,124.0,124,124,397.23,397.23,0.0,0.0,49256.52,51719.35,HOLD,MISSING_GRN,0.0,Receiving,Medium,189,Open
EXC00220,INV2025001365,V019,Sigma Industrial Products,PO2025001365,GRN2025001365,144.0,144,155,478.33,478.33,0.0,7.64,74141.15,83038.09,HOLD,QTY_OVER_RECEIPT,5261.63,Receiving,Medium,438,Open
EXC00221,INV2025001366,V021,United Process Equipment,PO2025001366,,109.0,109,109,1638.26,1638.26,0.0,0.0,178570.34,210713.0,HOLD,MISSING_GRN,0.0,Receiving,Medium,68,Open
EXC00222,INV2025001368,V039,Omkar Facility Products,PO2025001368,GRN2025001368,138.0,138,149,25490.18,25490.18,0.0,7.97,3798036.82,3987938.66,HOLD,QTY_OVER_RECEIPT,280391.98,Receiving,Critical,112,Open
EXC00223,INV2025001372,V012,Lotus Packaging India Pvt Ltd,PO2025001372,GRN2025001372,110.0,84,88,196.38,196.38,0.0,4.76,17281.44,19355.21,HOLD,QTY_OVER_RECEIPT,785.52,Receiving,Medium,100,Open
EXC00224,INV2025001381,V024,Zenith Engineering Supplies,PO2025001381,GRN2025001381,219.0,219,237,772.45,772.45,0.0,8.22,183070.65,205039.13,HOLD,QTY_OVER_RECEIPT,13904.1,Receiving,Medium,266,Open
EXC00225,INV2025001382,V024,Zenith Engineering Supplies,PO2025001382,GRN2025001382,87.0,52,52,770.87,900.49,16.81,0.0,46825.48,52444.54,HOLD,PRICE_VARIANCE,6740.24,AP,Medium,412,Open
EXC00226,INV2025001384,V017,Quantum Electricals,PO2025001384,GRN2025001384,27.0,27,27,159.86,174.66,9.26,0.0,4715.82,5564.67,HOLD,PRICE_VARIANCE,399.6,AP,Medium,191,Open
EXC00227,INV2025001385,V015,Orbit Maintenance Supplies,PO2025001385,GRN2025001385,6.0,6,6,750.7,851.87,13.48,0.0,5111.22,6031.24,HOLD,PRICE_VARIANCE,607.02,AP,Medium,611,Open
EXC00228,INV2025001401,V001,Apex Industrial Supplies Pvt Ltd,PO2025001401,GRN2025001401,117.0,117,117,865.01,915.45,5.83,0.0,107107.65,112463.03,HOLD,PRICE_VARIANCE,5901.48,AP,Medium,496,Open
EXC00229,INV2025001405,V028,Dynamo Power Systems,PO2025001405,GRN2025001405,33.0,25,27,16582.6,16582.6,0.0,8.0,447730.2,470116.71,HOLD,QTY_OVER_RECEIPT,33165.2,Receiving,High,202,Open
EXC00230,INV2025001406,V031,Ganga Hardware Traders,PO2025001406,GRN2025001406,199.0,199,199,11829.16,12381.65,4.67,0.0,2463948.35,2587145.77,HOLD,PRICE_VARIANCE,109945.51,AP,Critical,69,Open
EXC00231,INV2025001407,V003,Crown Packaging Solutions,PO2025001407,GRN2025001407,182.0,182,182,125.1,141.65,13.23,0.0,25780.3,27069.32,HOLD,PRICE_VARIANCE,3012.1,AP,Medium,441,Open
EXC00232,INV2025001412,V031,Ganga Hardware Traders,PO2025001412,GRN2025001412,34.0,34,37,11636.52,11636.52,0.0,8.82,430551.24,452078.8,HOLD,QTY_OVER_RECEIPT,34909.56,Receiving,High,504,Open
EXC00233,INV2025001417,V002,BluePeak Office Systems Pvt Ltd,,GRN2025001417,,0,58,,21888.13,,,1269511.54,1421852.92,HOLD,MISSING_PO,1269511.54,AP,Critical,575,Open
EXC00234,INV2025001419,V026,Bharat Industrial Stores,,GRN2025001419,,0,36,,787.96,,,28366.56,33472.54,HOLD,MISSING_PO,28366.56,AP,High,228,Open
EXC00235,INV2025001421,V034,Jade Logistics Supplies,PO2025001421,GRN2025001421,124.0,124,124,561.41,645.26,14.94,0.0,80012.24,94414.44,HOLD,PRICE_VARIANCE,10397.4,AP,Medium,578,Open
EXC00236,INV2025001436,V021,United Process Equipment,PO2025001436,GRN2025001436,65.0,68,68,1329.17,1530.12,15.12,0.0,104048.16,122776.83,HOLD,PRICE_VARIANCE,13664.6,AP,Medium,354,Open
EXC00237,INV2025001437,V019,Sigma Industrial Products,PO2025001437,GRN2025001437,108.0,108,111,20454.6,20454.6,0.0,2.78,2270460.6,2542915.87,HOLD,QTY_OVER_RECEIPT,61363.8,Receiving,High,8,Open
EXC00238,INV2025001455,V007,Gamma Safety Solutions,PO2025001455,GRN2025001455,6.0,6,6,693.62,788.24,13.64,0.0,4729.44,4965.91,HOLD,PRICE_VARIANCE,567.72,AP,Medium,0,Open
EXC00239,INV2025001471,V005,Evergreen Facility Products,PO2025001471,GRN2025001471,106.0,67,67,1252.36,1440.08,14.99,0.0,96485.36,108063.6,HOLD,PRICE_VARIANCE,12577.24,AP,Medium,134,Open
EXC00240,INV2026001490,V025,Arun Safety & PPE,PO2025001490,GRN2025001490,236.0,236,236,756.68,756.68,0.0,0.0,178576.48,200005.66,HOLD,DUPLICATE_AMOUNT_VENDOR,0.0,AP,Medium,334,Open
EXC00241,INV2025001512,V023,Westline Consumables,PO2025001512,,244.0,218,244,3425.21,3425.21,0.0,11.93,835751.24,936041.39,HOLD,MISSING_GRN;QTY_OVER_RECEIPT,89055.46,Receiving,High,463,Open
EXC00242,INV2025001514,V002,BluePeak Office Systems Pvt Ltd,,GRN2025001514,,0,129,,434.02,,,55988.58,62707.21,HOLD,MISSING_PO,55988.58,AP,High,539,Open
EXC00243,INV2025001520,V015,Orbit Maintenance Supplies,PO2025001520,,196.0,196,196,3933.51,3933.51,0.0,0.0,770967.96,909742.19,HOLD,MISSING_GRN,0.0,Receiving,Medium,546,Open
EXC00244,INV2025001536,V023,Westline Consumables,PO2025001536,GRN2025001536,58.0,58,63,952.4,952.4,0.0,8.62,60001.2,67201.34,HOLD,QTY_OVER_RECEIPT,4762.0,Receiving,Medium,491,Open
EXC00245,INV2025001540,V002,BluePeak Office Systems Pvt Ltd,,GRN2025001540,,0,129,,221.11,,,28523.19,31945.97,HOLD,MISSING_PO,28523.19,AP,High,330,Open
EXC00246,INV2025001541,V014,Nova Tech Systems,PO2025001541,GRN2025001541,208.0,208,208,606.67,662.94,9.28,0.0,137891.52,144786.1,HOLD,PRICE_VARIANCE,11704.16,AP,Medium,192,Open
EXC00247,INV2025001542,V039,Omkar Facility Products,,GRN2025001542,,0,106,,1160.09,,,122969.54,129118.02,HOLD,MISSING_PO,122969.54,AP,Critical,597,Open
EXC00248,INV2025001543,V037,Magnus Tools,PO2025001543,,219.0,147,219,2770.89,2770.89,0.0,48.98,606824.91,716053.39,HOLD,MISSING_GRN;QTY_OVER_RECEIPT,199504.08,Receiving,Critical,538,Open
EXC00249,INV2026001552,V038,NexGen Components,PO2025001552,GRN2025001552,164.0,164,164,766.75,766.75,0.0,0.0,125747.0,148381.46,HOLD,DUPLICATE_AMOUNT_VENDOR,0.0,AP,Medium,281,Open
EXC00250,INV2025001554,V021,United Process Equipment,PO2025001554,GRN2025001554,109.0,74,74,1903.98,2041.37,7.22,0.0,151061.38,178252.43,HOLD,PRICE_VARIANCE,10166.86,AP,Medium,413,Open
EXC00251,INV2025001558,V035,Keystone Industrial Products,PO2025001558,GRN2025001558,192.0,192,192,1575.43,1642.0,4.23,0.0,315264.0,353095.68,HOLD,PRICE_VARIANCE,12781.44,AP,Medium,350,Open
EXC00252,INV2025001565,V015,Orbit Maintenance Supplies,PO2025001565,GRN2025001565,105.0,105,105,1068.14,1244.14,16.48,0.0,130634.7,154148.95,HOLD,PRICE_VARIANCE,18480.0,AP,Medium,349,Open
EXC00253,INV2025001566,V035,Keystone Industrial Products,PO2025001566,GRN2025001566,211.0,211,211,12207.54,12682.71,3.89,0.0,2676051.81,2997178.03,HOLD,PRICE_VARIANCE,100260.87,AP,Critical,140,Open
EXC00254,INV2025001577,V026,Bharat Industrial Stores,PO2025001577,GRN2025001577,27.0,27,28,666.78,666.78,0.0,3.7,18669.84,22030.41,HOLD,QTY_OVER_RECEIPT,666.78,Receiving,Medium,133,Open
EXC00255,INV2025001586,V029,Eagle Stationery Solutions,PO2025001586,GRN2025001586,142.0,142,142,15567.3,16538.02,6.24,0.0,2348398.84,2771110.63,HOLD,PRICE_VARIANCE,137842.24,AP,Critical,333,Open
EXC00256,INV2025001593,V029,Eagle Stationery Solutions,PO2025001593,GRN2025001593,14.0,14,14,239.92,263.44,9.8,0.0,3688.16,4352.03,HOLD,PRICE_VARIANCE,329.28,AP,Medium,24,Open
EXC00257,INV2026001596,V014,Nova Tech Systems,PO2025001596,GRN2025001596,249.0,249,249,12182.18,12182.18,0.0,0.0,3033362.82,3185030.96,HOLD,DUPLICATE_AMOUNT_VENDOR,0.0,AP,Medium,104,Open
EXC00258,INV2025001598,V027,Crest Chemicals,PO2025001598,GRN2025001598,77.0,77,81,901.37,901.37,0.0,5.19,73010.97,81772.29,HOLD,QTY_OVER_RECEIPT,3605.48,Receiving,Medium,25,Open
EXC00259,INV2025001600,V030,Frontier Components,PO2025001600,GRN2025001600,128.0,128,128,6556.74,7093.26,8.18,0.0,907937.28,1071365.99,HOLD,PRICE_VARIANCE,68674.56,AP,High,495,Open
EXC00260,INV2026001603,V039,Omkar Facility Products,PO2025001603,GRN2025001603,45.0,45,45,783.21,783.21,0.0,0.0,35244.45,37006.67,HOLD,DUPLICATE_AMOUNT_VENDOR,0.0,AP,Medium,95,Open
EXC00261,INV2025001607,V002,BluePeak Office Systems Pvt Ltd,PO2025001607,,197.0,197,197,421.72,421.72,0.0,0.0,83078.84,93048.3,HOLD,MISSING_GRN,0.0,Receiving,Medium,466,Open
EXC00262,INV2025001610,V038,NexGen Components,PO2025001610,,135.0,135,135,360.34,360.34,0.0,0.0,48645.9,57402.16,HOLD,MISSING_GRN,0.0,Receiving,Medium,218,Open
EXC00263,INV2025001613,V039,Omkar Facility Products,PO2025001613,,225.0,225,225,11213.32,11213.32,0.0,0.0,2522997.0,2649146.85,HOLD,MISSING_GRN,0.0,Receiving,Medium,92,Open
EXC00264,INV2025001616,V034,Jade Logistics Supplies,PO2025001616,GRN2025001616,191.0,196,196,3754.11,4140.7,10.3,0.0,811577.2,957661.1,HOLD,PRICE_VARIANCE,75771.64,AP,High,34,Open
EXC00265,INV2025001628,V029,Eagle Stationery Solutions,PO2025001628,GRN2025001628,51.0,51,53,762.84,762.84,0.0,3.92,40430.52,47708.01,HOLD,QTY_OVER_RECEIPT,1525.68,Receiving,Medium,309,Open
EXC00266,INV2025001631,V037,Magnus Tools,PO2025001631,GRN2025001631,231.0,161,161,636.07,693.78,9.07,0.0,111698.58,131804.32,HOLD,PRICE_VARIANCE,9291.31,AP,Medium,135,Open
EXC00267,INV2025001633,V004,Delta Engineering Components,PO2025001633,GRN2025001633,105.0,90,90,1680.37,1956.04,16.41,0.0,176043.6,197168.83,HOLD,PRICE_VARIANCE,24810.3,AP,Medium,510,Open
EXC00268,INV2026001636,V009,Indus Mechanical Works,PO2025001636,GRN2025001636,87.0,87,87,1799.04,1799.04,0.0,0.0,156516.48,175298.46,HOLD,DUPLICATE_AMOUNT_VENDOR,0.0,AP,Medium,267,Open
EXC00269,INV2025001644,V009,Indus Mechanical Works,PO2025001644,GRN2025001644,170.0,170,184,17252.25,17252.25,0.0,8.24,3174414.0,3555343.68,HOLD,QTY_OVER_RECEIPT,241531.5,Receiving,Critical,617,Open
EXC00270,INV2025001650,V038,NexGen Components,PO2025001650,,248.0,248,248,3334.97,3334.97,0.0,0.0,827072.56,975945.62,HOLD,MISSING_GRN,0.0,Receiving,Medium,127,Open
EXC00271,INV2025001654,V033,Innovatech Solutions,PO2025001654,GRN2025001654,160.0,160,160,172.63,194.08,12.43,0.0,31052.8,32605.44,HOLD,PRICE_VARIANCE,3432.0,AP,Medium,198,Open
EXC00272,INV2026001659,V020,Trident Facility Services,PO2025001659,GRN2025001659,35.0,35,35,677.8,677.8,0.0,0.0,23723.0,26569.76,HOLD,DUPLICATE_AMOUNT_VENDOR,0.0,AP,Medium,436,Open
EXC00273,INV2025001661,V037,Magnus Tools,PO2025001661,GRN2025001661,11.0,11,11,1241.71,1404.63,13.12,0.0,15450.93,18232.1,HOLD,PRICE_VARIANCE,1792.12,AP,Medium,225,Open
EXC00274,INV2025001663,V040,Pioneer Electrical Traders,PO2025001663,GRN2025001663,86.0,86,86,830.99,919.47,10.65,0.0,79074.42,93307.82,HOLD,PRICE_VARIANCE,7609.28,AP,Medium,173,Open
EXC00275,INV2025001668,V037,Magnus Tools,,GRN2025001668,,0,198,,103.62,,,20516.76,24209.78,HOLD,MISSING_PO,20516.76,AP,Medium,613,Open
EXC00276,INV2025001671,V038,NexGen Components,,GRN2025001671,,0,207,,177.44,,,36730.08,43341.49,HOLD,MISSING_PO,36730.08,AP,High,283,Open
EXC00277,INV2026001673,V029,Eagle Stationery Solutions,PO2025001673,GRN2025001673,42.0,44,44,606.64,606.64,0.0,0.0,26692.16,31496.75,HOLD,DUPLICATE_AMOUNT_VENDOR,0.0,AP,Medium,223,Open
EXC00278,INV2025001679,V004,Delta Engineering Components,PO2025001679,GRN2025001679,220.0,220,244,179.54,179.54,0.0,10.91,43807.76,49064.69,HOLD,QTY_OVER_RECEIPT,4308.96,Receiving,Medium,551,Open
EXC00279,INV2025001687,V013,Metro Fasteners,PO2025001687,GRN2025001687,15.0,15,16,601.95,601.95,0.0,6.67,9631.2,11364.82,HOLD,QTY_OVER_RECEIPT,601.95,Receiving,Medium,517,Open
EXC00280,INV2025001707,V010,Jupiter Office Products,PO2025001707,GRN2025001707,136.0,136,144,961.55,961.55,0.0,5.88,138463.2,163386.58,HOLD,QTY_OVER_RECEIPT,7692.4,Receiving,Medium,550,Open
EXC00281,INV2025001710,V013,Metro Fasteners,,GRN2025001710,,0,128,,513.86,,,65774.08,77613.41,HOLD,MISSING_PO,65774.08,AP,High,459,Open
EXC00282,INV2025001723,V008,Horizon IT Distribution,,GRN2025001723,,0,163,,907.93,,,147992.59,174631.26,HOLD,MISSING_PO,147992.59,AP,Critical,534,Open
EXC00283,INV2025001724,V019,Sigma Industrial Products,,GRN2025001724,,0,84,,11760.96,,,987920.64,1106471.12,HOLD,MISSING_PO,987920.64,AP,Critical,165,Open
EXC00284,INV2025001735,V035,Keystone Industrial Products,PO2025001735,,166.0,166,166,25608.94,25608.94,0.0,0.0,4251084.04,4761214.12,HOLD,MISSING_GRN,0.0,Receiving,Medium,6,Open
EXC00285,INV2025001743,V031,Ganga Hardware Traders,PO2025001743,GRN2025001743,125.0,125,125,149.96,167.02,11.38,0.0,20877.5,21921.38,HOLD,PRICE_VARIANCE,2132.5,AP,Medium,499,Open
EXC00286,INV2025001745,V012,Lotus Packaging India Pvt Ltd,PO2025001745,GRN2025001745,231.0,231,231,377.92,404.31,6.98,0.0,93395.61,104603.08,HOLD,PRICE_VARIANCE,6096.09,AP,Medium,474,Open
EXC00287,INV2025001749,V038,NexGen Components,PO2025001749,,60.0,60,60,188.5,188.5,0.0,0.0,11310.0,13345.8,HOLD,MISSING_GRN,0.0,Receiving,Medium,293,Open
EXC00288,INV2025001753,V025,Arun Safety & PPE,PO2025001753,GRN2025001753,183.0,183,183,755.25,865.7,14.62,0.0,158423.1,177433.87,HOLD,PRICE_VARIANCE,20212.35,AP,Medium,453,Open
EXC00289,INV2025001754,V005,Evergreen Facility Products,PO2025001754,GRN2025001754,98.0,98,102,723.59,723.59,0.0,4.08,73806.18,82662.92,HOLD,QTY_OVER_RECEIPT,2894.36,Receiving,Medium,390,Open
EXC00290,INV2025001758,V023,Westline Consumables,PO2025001758,GRN2025001758,38.0,38,38,1308.15,1446.99,10.61,0.0,54985.62,61583.89,HOLD,PRICE_VARIANCE,5275.92,AP,Medium,129,Open
EXC00291,INV2025001760,V036,Lumina Office Technologies,PO2025001760,GRN2025001760,159.0,99,115,4568.32,4568.32,0.0,16.16,525356.8,619921.02,HOLD,QTY_OVER_RECEIPT,73093.12,Receiving,High,319,Open
EXC00292,INV2025001766,V006,Falcon Electricals India Pvt Ltd,PO2025001766,GRN2025001766,45.0,45,45,473.88,514.36,8.54,0.0,23146.2,24303.51,HOLD,PRICE_VARIANCE,1821.6,AP,Medium,128,Open
EXC00293,INV2025001775,V015,Orbit Maintenance Supplies,PO2025001775,GRN2025001775,223.0,223,223,884.52,1003.45,13.45,0.0,223769.35,264047.83,HOLD,PRICE_VARIANCE,26521.39,AP,High,460,Open
EXC00294,INV2025001776,V006,Falcon Electricals India Pvt Ltd,PO2025001776,GRN2025001776,209.0,219,241,88.02,88.02,0.0,10.05,21212.82,22273.46,HOLD,QTY_OVER_RECEIPT,1936.44,Receiving,Medium,40,Open
EXC00295,INV2025001786,V020,Trident Facility Services,PO2025001786,GRN2025001786,201.0,201,201,128.78,134.67,4.57,0.0,27068.67,30316.91,HOLD,PRICE_VARIANCE,1183.89,AP,Medium,418,Open
EXC00296,INV2025001793,V029,Eagle Stationery Solutions,PO2025001793,,7.0,4,7,416.88,416.88,0.0,75.0,2918.16,3443.43,HOLD,MISSING_GRN;QTY_OVER_RECEIPT,1250.64,Receiving,Medium,592,Open
EXC00297,INV2025001796,V001,Apex Industrial Supplies Pvt Ltd,PO2025001796,GRN2025001796,47.0,47,50,1325.22,1325.22,0.0,6.38,66261.0,69574.05,HOLD,QTY_OVER_RECEIPT,3975.66,Receiving,Medium,202,Open
EXC00298,INV2025001803,V023,Westline Consumables,PO2025001803,GRN2025001803,81.0,81,83,1280.57,1280.57,0.0,2.47,106287.31,119041.79,HOLD,QTY_OVER_RECEIPT,2561.14,Receiving,Medium,213,Open
EXC00299,INV2025001809,V035,Keystone Industrial Products,PO2025001809,GRN2025001809,133.0,133,133,182.47,215.24,17.96,0.0,28626.92,32062.15,HOLD,PRICE_VARIANCE,4358.41,AP,Medium,245,Open
EXC00300,INV2025001820,V036,Lumina Office Technologies,PO2025001820,GRN2025001820,35.0,35,37,2835.41,2835.41,0.0,5.71,104910.17,123794.0,HOLD,QTY_OVER_RECEIPT,5670.82,Receiving,Medium,158,Open
EXC00301,INV2025001827,V005,Evergreen Facility Products,,GRN2025001827,,0,20,,2098.33,,,41966.6,47002.59,HOLD,MISSING_PO,41966.6,AP,High,329,Open
EXC00302,INV2025001842,V006,Falcon Electricals India Pvt Ltd,,GRN2025001842,,0,72,,12422.46,,,894417.12,939137.98,HOLD,MISSING_PO,894417.12,AP,Critical,444,Open
EXC00303,INV2025001850,V016,Prime Tools & Components,PO2025001850,GRN2025001850,91.0,91,91,1093.98,1284.19,17.39,0.0,116861.29,130884.64,HOLD,PRICE_VARIANCE,17309.11,AP,Medium,172,Open
EXC00304,INV2026001866,V034,Jade Logistics Supplies,PO2025001866,GRN2025001866,46.0,46,46,397.54,397.54,0.0,0.0,18286.84,21578.47,HOLD,DUPLICATE_AMOUNT_VENDOR,0.0,AP,Medium,536,Open
EXC00305,INV2025001871,V021,United Process Equipment,PO2025001871,GRN2025001871,163.0,163,175,6247.12,6247.12,0.0,7.36,1093246.0,1290030.28,HOLD,QTY_OVER_RECEIPT,74965.44,Receiving,High,492,Open
EXC00306,INV2025001872,V021,United Process Equipment,PO2025001872,GRN2025001872,51.0,48,48,475.21,553.98,16.58,0.0,26591.04,31377.43,HOLD,PRICE_VARIANCE,3780.96,AP,Medium,460,Open
EXC00307,INV2026001879,V039,Omkar Facility Products,PO2025001879,GRN2025001879,205.0,205,205,17214.59,17214.59,0.0,0.0,3528990.95,3705440.5,HOLD,DUPLICATE_AMOUNT_VENDOR,0.0,AP,Medium,234,Open
EXC00308,INV2025001883,V005,Evergreen Facility Products,PO2025001883,GRN2025001883,194.0,194,194,14328.51,15420.86,7.62,0.0,2991646.84,3350644.46,HOLD,PRICE_VARIANCE,211915.9,AP,Critical,169,Open
EXC00309,INV2025001898,V038,NexGen Components,PO2025001898,GRN2025001898,250.0,250,276,128.89,128.89,0.0,10.4,35573.64,41976.9,HOLD,QTY_OVER_RECEIPT,3351.14,Receiving,Medium,346,Open
EXC00310,INV2025001924,V023,Westline Consumables,PO2025001924,GRN2025001924,140.0,92,100,802.89,802.89,0.0,8.7,80289.0,89923.68,HOLD,QTY_OVER_RECEIPT,6423.12,Receiving,Medium,225,Open
EXC00311,INV2025001926,V007,Gamma Safety Solutions,PO2025001926,GRN2025001926,243.0,243,243,702.23,813.74,15.88,0.0,197738.82,207625.76,HOLD,PRICE_VARIANCE,27096.93,AP,High,102,Open
EXC00312,INV2025001950,V018,Ridgeway Bearings,PO2025001950,GRN2025001950,175.0,175,187,676.0,676.0,0.0,6.86,126412.0,132732.6,HOLD,QTY_OVER_RECEIPT,8112.0,Receiving,Medium,500,Open
EXC00313,INV2025001964,V012,Lotus Packaging India Pvt Ltd,PO2025001964,GRN2025001964,22.0,22,22,172.49,194.26,12.62,0.0,4273.72,4786.57,HOLD,PRICE_VARIANCE,478.94,AP,Medium,61,Open
EXC00314,INV2025001971,V033,Innovatech Solutions,PO2025001971,GRN2025001971,176.0,176,176,760.63,871.73,14.61,0.0,153424.48,161095.7,HOLD,PRICE_VARIANCE,19553.6,AP,Medium,448,Open
EXC00315,INV2025001976,V011,Kaveri Industrial Traders,PO2025001976,GRN2025001976,123.0,123,123,316.63,332.86,5.13,0.0,40941.78,48311.3,HOLD,PRICE_VARIANCE,1996.29,AP,Medium,221,Open
EXC00316,INV2026001978,V002,BluePeak Office Systems Pvt Ltd,PO2025001978,GRN2025001978,178.0,178,178,3034.46,3034.46,0.0,0.0,540133.88,604949.95,HOLD,DUPLICATE_AMOUNT_VENDOR,0.0,AP,Medium,125,Open
EXC00317,INV2025001980,V035,Keystone Industrial Products,PO2025001980,GRN2025001980,161.0,161,171,5047.01,5047.01,0.0,6.21,863038.71,966603.36,HOLD,QTY_OVER_RECEIPT,50470.1,Receiving,High,350,Open
EXC00318,INV2025001983,V023,Westline Consumables,,GRN2025001983,,0,96,,798.74,,,76679.04,85880.52,HOLD,MISSING_PO,76679.04,AP,High,254,Open
EXC00319,INV2026002000,V030,Frontier Components,PO2025002000,GRN2025002000,109.0,109,109,176.11,176.11,0.0,0.0,19195.99,22651.27,HOLD,DUPLICATE_AMOUNT_VENDOR,0.0,AP,Medium,405,Open
EXC00320,INV2025002003,V022,Vertex Automation,PO2025002003,GRN2025002003,119.0,119,119,170.53,196.79,15.4,0.0,23418.01,27633.25,HOLD,PRICE_VARIANCE,3124.94,AP,Medium,409,Open
EXC00321,INV2025002007,V019,Sigma Industrial Products,PO2025002007,,23.0,23,23,24393.74,24393.74,0.0,0.0,561056.02,628382.74,HOLD,MISSING_GRN,0.0,Receiving,Medium,306,Open
EXC00322,INV2025002008,V027,Crest Chemicals,,GRN2025002008,,0,117,,276.41,,,32339.97,36220.77,HOLD,MISSING_PO,32339.97,AP,High,56,Open
EXC00323,INV2025002010,V008,Horizon IT Distribution,PO2025002010,GRN2025002010,178.0,178,178,727.75,786.01,8.01,0.0,139909.78,165093.54,HOLD,PRICE_VARIANCE,10370.28,AP,Medium,53,Open
EXC00324,INV2025002025,V021,United Process Equipment,PO2025002025,GRN2025002025,122.0,91,103,265.66,265.66,0.0,13.19,27362.98,32288.32,HOLD,QTY_OVER_RECEIPT,3187.92,Receiving,Medium,579,Open
EXC00325,INV2025002033,V027,Crest Chemicals,PO2025002033,GRN2025002033,26.0,26,28,1354.42,1354.42,0.0,7.69,37923.76,42474.61,HOLD,QTY_OVER_RECEIPT,2708.84,Receiving,Medium,500,Open
EXC00326,INV2025002035,V019,Sigma Industrial Products,PO2025002035,GRN2025002035,44.0,44,48,1890.91,1890.91,0.0,9.09,90763.68,101655.32,HOLD,QTY_OVER_RECEIPT,7563.64,Receiving,Medium,216,Open
EXC00327,INV2025002040,V027,Crest Chemicals,PO2025002040,GRN2025002040,134.0,134,147,657.16,657.16,0.0,9.7,96602.52,108194.82,HOLD,QTY_OVER_RECEIPT,8543.08,Receiving,Medium,118,Open
EXC00328,INV2025002044,V035,Keystone Industrial Products,PO2025002044,GRN2025002044,81.0,81,81,1412.53,1661.85,17.65,0.0,134609.85,150763.03,HOLD,PRICE_VARIANCE,20194.92,AP,Medium,168,Open
EXC00329,INV2026002048,V026,Bharat Industrial Stores,PO2025002048,GRN2025002048,179.0,179,179,34895.59,34895.59,0.0,0.0,6246310.61,7370646.52,HOLD,DUPLICATE_AMOUNT_VENDOR,0.0,AP,Medium,90,Open
EXC00330,INV2025002054,V013,Metro Fasteners,PO2025002054,GRN2025002054,222.0,222,222,1043.97,1211.39,16.04,0.0,268928.58,317335.72,HOLD,PRICE_VARIANCE,37167.24,AP,High,387,Open
EXC00331,INV2025002059,V028,Dynamo Power Systems,PO2025002059,GRN2025002059,45.0,45,45,133.31,146.38,9.8,0.0,6587.1,6916.46,HOLD,PRICE_VARIANCE,588.15,AP,Medium,108,Open
EXC00332,INV2025002073,V010,Jupiter Office Products,PO2025002073,GRN2025002073,45.0,45,48,845.09,845.09,0.0,6.67,40564.32,47865.9,HOLD,QTY_OVER_RECEIPT,2535.27,Receiving,Medium,172,Open
EXC00333,INV2025002076,V038,NexGen Components,PO2025002076,,245.0,245,245,1143.68,1143.68,0.0,0.0,280201.6,330637.89,HOLD,MISSING_GRN,0.0,Receiving,Medium,378,Open
EXC00334,INV2025002080,V034,Jade Logistics Supplies,PO2025002080,GRN2025002080,170.0,170,170,18038.78,19935.63,10.52,0.0,3389057.1,3999087.38,HOLD,PRICE_VARIANCE,322464.5,AP,Critical,584,Open
EXC00335,INV2025002090,V030,Frontier Components,PO2025002090,GRN2025002090,235.0,235,250,1188.33,1188.33,0.0,6.38,297082.5,350557.35,HOLD,QTY_OVER_RECEIPT,17824.95,Receiving,Medium,323,Open
EXC00336,INV2025002096,V005,Evergreen Facility Products,PO2025002096,GRN2025002096,109.0,109,109,874.42,981.89,12.29,0.0,107026.01,119869.13,HOLD,PRICE_VARIANCE,11714.23,AP,Medium,451,Open
EXC00337,INV2025002099,V003,Crown Packaging Solutions,PO2025002099,GRN2025002099,146.0,146,146,1635.05,1759.63,7.62,0.0,256905.98,269751.28,HOLD,PRICE_VARIANCE,18188.68,AP,Medium,193,Open
EXC00338,INV2025002101,V010,Jupiter Office Products,PO2025002101,GRN2025002101,203.0,203,203,579.66,678.91,17.12,0.0,137818.73,162626.1,HOLD,PRICE_VARIANCE,20147.75,AP,Medium,170,Open
EXC00339,INV2026002105,V013,Metro Fasteners,PO2025002105,GRN2025002105,206.0,221,221,321.96,321.96,0.0,0.0,71153.16,83960.73,HOLD,DUPLICATE_AMOUNT_VENDOR,0.0,AP,Medium,565,Open
EXC00340,INV2026002106,V024,Zenith Engineering Supplies,PO2025002106,GRN2025002106,140.0,140,140,2303.2,2303.2,0.0,0.0,322448.0,361141.76,HOLD,DUPLICATE_AMOUNT_VENDOR,0.0,AP,Medium,449,Open
EXC00341,INV2025002120,V017,Quantum Electricals,PO2025002120,GRN2025002120,237.0,237,246,107.47,107.47,0.0,3.8,26437.62,31196.39,HOLD,QTY_OVER_RECEIPT,967.23,Receiving,Medium,499,Open
EXC00342,INV2025002132,V006,Falcon Electricals India Pvt Ltd,PO2025002132,GRN2025002132,163.0,163,163,984.96,1066.13,8.24,0.0,173779.19,182468.15,HOLD,PRICE_VARIANCE,13230.71,AP,Medium,294,Open
EXC00343,INV2026002143,V028,Dynamo Power Systems,PO2025002143,GRN2025002143,226.0,226,226,755.08,755.08,0.0,0.0,170648.08,179180.48,HOLD,DUPLICATE_AMOUNT_VENDOR,0.0,AP,Medium,468,Open
EXC00344,INV2025002148,V010,Jupiter Office Products,PO2025002148,GRN2025002148,158.0,158,158,247.3,290.95,17.65,0.0,45970.1,54244.72,HOLD,PRICE_VARIANCE,6896.7,AP,Medium,154,Open
EXC00345,INV2025002151,V012,Lotus Packaging India Pvt Ltd,PO2025002151,,82.0,78,82,493.56,493.56,0.0,5.13,40471.92,45328.55,HOLD,MISSING_GRN;QTY_OVER_RECEIPT,1974.24,Receiving,Medium,153,Open
EXC00346,INV2025002160,V016,Prime Tools & Components,PO2025002160,GRN2025002160,179.0,112,112,3058.46,3479.13,13.75,0.0,389662.56,436422.07,HOLD,PRICE_VARIANCE,47115.04,AP,High,588,Open
EXC00347,INV2025002170,V040,Pioneer Electrical Traders,PO2025002170,GRN2025002170,32.0,32,32,639.09,696.14,8.93,0.0,22276.48,26286.25,HOLD,PRICE_VARIANCE,1825.6,AP,Medium,80,Open
EXC00348,INV2025002174,V005,Evergreen Facility Products,PO2025002174,,244.0,244,244,285.51,285.51,0.0,0.0,69664.44,78024.17,HOLD,MISSING_GRN,0.0,Receiving,Medium,239,Open
EXC00349,INV2026002177,V038,NexGen Components,PO2025002177,GRN2025002177,140.0,140,140,793.27,793.27,0.0,0.0,111057.8,131048.2,HOLD,DUPLICATE_AMOUNT_VENDOR,0.0,AP,Medium,447,Open
EXC00350,INV2025002179,V004,Delta Engineering Components,PO2025002179,GRN2025002179,172.0,172,189,25679.41,25679.41,0.0,9.88,4853408.49,5435817.51,HOLD,QTY_OVER_RECEIPT,436549.97,Receiving,Critical,44,Open
EXC00351,INV2025002186,V026,Bharat Industrial Stores,PO2025002186,GRN2025002186,85.0,85,92,12919.95,12919.95,0.0,8.24,1188635.4,1402589.77,HOLD,QTY_OVER_RECEIPT,90439.65,Receiving,High,92,Open
EXC00352,INV2025002189,V012,Lotus Packaging India Pvt Ltd,PO2025002189,GRN2025002189,113.0,113,124,192.69,192.69,0.0,9.73,23893.56,26760.79,HOLD,QTY_OVER_RECEIPT,2119.59,Receiving,Medium,292,Open
EXC00353,INV2025002194,V037,Magnus Tools,PO2025002194,GRN2025002194,77.0,50,51,795.14,795.14,0.0,2.0,40552.14,47851.53,HOLD,QTY_OVER_RECEIPT,795.14,Receiving,Medium,158,Open
EXC00354,INV2025002198,V019,Sigma Industrial Products,PO2025002198,GRN2025002198,88.0,88,88,1048.73,1086.56,3.61,0.0,95617.28,107091.35,HOLD,PRICE_VARIANCE,3329.04,AP,Medium,185,Open
EXC00355,INV2025002211,V011,Kaveri Industrial Traders,PO2025002211,GRN2025002211,192.0,192,196,375.48,375.48,0.0,2.08,73594.08,86841.01,HOLD,QTY_OVER_RECEIPT,1501.92,Receiving,Medium,42,Open
EXC00356,INV2025002212,V020,Trident Facility Services,PO2025002212,GRN2025002212,152.0,152,162,465.86,465.86,0.0,6.58,75469.32,84525.64,HOLD,QTY_OVER_RECEIPT,4658.6,Receiving,Medium,369,Open
EXC00357,INV2025002223,V028,Dynamo Power Systems,PO2025002223,GRN2025002223,218.0,218,232,1293.82,1293.82,0.0,6.42,300166.24,315174.55,HOLD,QTY_OVER_RECEIPT,18113.48,Receiving,Medium,269,Open
EXC00358,INV2025002225,V028,Dynamo Power Systems,PO2025002225,GRN2025002225,23.0,13,13,20549.86,24095.73,17.25,0.0,313244.49,328906.71,HOLD,PRICE_VARIANCE,46096.31,AP,High,393,Open
EXC00359,INV2025002257,V023,Westline Consumables,PO2025002257,GRN2025002257,95.0,95,99,1176.35,1176.35,0.0,4.21,116458.65,130433.69,HOLD,QTY_OVER_RECEIPT,4705.4,Receiving,Medium,328,Open
EXC00360,INV2026002262,V003,Crown Packaging Solutions,PO2025002262,GRN2025002262,235.0,235,235,1202.86,1202.86,0.0,0.0,282672.1,296805.7,HOLD,DUPLICATE_AMOUNT_VENDOR,0.0,AP,Medium,298,Open
EXC00361,INV2025002266,V020,Trident Facility Services,PO2025002266,GRN2025002266,211.0,211,211,754.48,862.54,14.32,0.0,181995.94,203835.45,HOLD,PRICE_VARIANCE,22800.66,AP,Medium,476,Open
EXC00362,INV2025002275,V026,Bharat Industrial Stores,PO2025002275,GRN2025002275,34.0,34,34,16533.71,18762.38,13.48,0.0,637920.92,752746.69,HOLD,PRICE_VARIANCE,75774.78,AP,High,228,Open
EXC00363,INV2025002276,V027,Crest Chemicals,PO2025002276,GRN2025002276,180.0,180,180,612.48,643.02,4.99,0.0,115743.6,129632.83,HOLD,PRICE_VARIANCE,5497.2,AP,Medium,461,Open
EXC00364,INV2026002284,V027,Crest Chemicals,PO2025002284,GRN2025002284,104.0,68,68,20425.0,20425.0,0.0,0.0,1388900.0,1555568.0,HOLD,DUPLICATE_AMOUNT_VENDOR,0.0,AP,Medium,601,Open
EXC00365,INV2026002297,V036,Lumina Office Technologies,PO2025002297,GRN2025002297,153.0,153,153,20576.15,20576.15,0.0,0.0,3148150.95,3714818.12,HOLD,DUPLICATE_AMOUNT_VENDOR,0.0,AP,Medium,345,Open
EXC00366,INV2025002303,V027,Crest Chemicals,PO2025002303,GRN2025002303,234.0,234,234,203.72,233.13,14.44,0.0,54552.42,61098.71,HOLD,PRICE_VARIANCE,6881.94,AP,Medium,0,Open
EXC00367,INV2025002307,V017,Quantum Electricals,PO2025002307,GRN2025002307,46.0,33,33,19643.77,22636.28,15.23,0.0,746997.24,881456.74,HOLD,PRICE_VARIANCE,98752.83,AP,High,288,Open
EXC00368,INV2025002310,V039,Omkar Facility Products,PO2025002310,GRN2025002310,234.0,234,234,119.13,133.75,12.27,0.0,31297.5,32862.38,HOLD,PRICE_VARIANCE,3421.08,AP,Medium,583,Open
EXC00369,INV2025002315,V019,Sigma Industrial Products,PO2025002315,GRN2025002315,17.0,17,17,567.07,593.72,4.7,0.0,10093.24,11304.43,HOLD,PRICE_VARIANCE,453.05,AP,Medium,333,Open
EXC00370,INV2025002334,V038,NexGen Components,,GRN2025002334,,0,128,,10970.86,,,1404270.08,1657038.69,HOLD,MISSING_PO,1404270.08,AP,Critical,590,Open
EXC00371,INV2026002336,V034,Jade Logistics Supplies,PO2025002336,GRN2025002336,221.0,221,221,817.78,817.78,0.0,0.0,180729.38,213260.67,HOLD,DUPLICATE_AMOUNT_VENDOR,0.0,AP,Medium,466,Open
EXC00372,INV2025002346,V033,Innovatech Solutions,PO2025002346,,68.0,68,68,928.82,928.82,0.0,0.0,63159.76,66317.75,HOLD,MISSING_GRN,0.0,Receiving,Medium,117,Open
EXC00373,INV2026002350,V026,Bharat Industrial Stores,PO2025002350,GRN2025002350,192.0,192,192,631.63,631.63,0.0,0.0,121272.96,143102.09,HOLD,DUPLICATE_AMOUNT_VENDOR,0.0,AP,Medium,574,Open
EXC00374,INV2025002352,V020,Trident Facility Services,PO2025002352,GRN2025002352,216.0,216,230,164.6,164.6,0.0,6.48,37858.0,42400.96,HOLD,QTY_OVER_RECEIPT,2304.4,Receiving,Medium,55,Open
EXC00375,INV2025002366,V015,Orbit Maintenance Supplies,PO2025002366,,43.0,44,43,949.8,949.8,0.0,-2.27,40841.4,48192.85,HOLD,MISSING_GRN,0.0,Receiving,Medium,596,Open
EXC00376,INV2025002368,V004,Delta Engineering Components,PO2025002368,GRN2025002368,4.0,4,4,1110.41,1187.79,6.97,0.0,4751.16,5321.3,HOLD,PRICE_VARIANCE,309.52,AP,Medium,180,Open
EXC00377,INV2025002371,V013,Metro Fasteners,PO2025002371,GRN2025002371,54.0,57,62,35249.35,35249.35,0.0,8.77,2185459.7,2578842.45,HOLD,QTY_OVER_RECEIPT,176246.75,Receiving,Critical,546,Open
EXC00378,INV2025002374,V020,Trident Facility Services,PO2025002374,GRN2025002374,39.0,39,39,370.44,396.91,7.15,0.0,15479.49,17337.03,HOLD,PRICE_VARIANCE,1032.33,AP,Medium,123,Open
EXC00379,INV2025002384,V039,Omkar Facility Products,PO2025002384,GRN2025002384,240.0,240,246,191.03,191.03,0.0,2.5,46993.38,49343.05,HOLD,QTY_OVER_RECEIPT,1146.18,Receiving,Medium,568,Open
EXC00380,INV2026002386,V001,Apex Industrial Supplies Pvt Ltd,PO2025002386,GRN2025002386,25.0,25,25,384.18,384.18,0.0,0.0,9604.5,10084.73,HOLD,DUPLICATE_AMOUNT_VENDOR,0.0,AP,Medium,45,Open
EXC00381,INV2025002389,V015,Orbit Maintenance Supplies,PO2025002389,GRN2025002389,143.0,143,143,853.99,914.31,7.06,0.0,130746.33,154280.67,HOLD,PRICE_VARIANCE,8625.76,AP,Medium,441,Open
EXC00382,INV2026002393,V032,Helios Controls,PO2025002393,GRN2025002393,156.0,156,156,188.2,188.2,0.0,0.0,29359.2,34643.86,HOLD,DUPLICATE_AMOUNT_VENDOR,0.0,AP,Medium,591,Open
EXC00383,INV2025002403,V008,Horizon IT Distribution,PO2025002403,GRN2025002403,37.0,37,39,230.84,230.84,0.0,5.41,9002.76,10623.26,HOLD,QTY_OVER_RECEIPT,461.68,Receiving,Medium,286,Open
EXC00384,INV2025002406,V027,Crest Chemicals,PO2025002406,GRN2025002406,32.0,25,25,348.41,391.09,12.25,0.0,9777.25,10950.52,HOLD,PRICE_VARIANCE,1067.0,AP,Medium,329,Open
EXC00385,INV2025002408,V007,Gamma Safety Solutions,PO2025002408,GRN2025002408,208.0,208,220,99.0,99.0,0.0,5.77,21780.0,22869.0,HOLD,QTY_OVER_RECEIPT,1188.0,Receiving,Medium,106,Open
EXC00386,INV2025002412,V012,Lotus Packaging India Pvt Ltd,PO2025002412,GRN2025002412,167.0,167,182,155.66,155.66,0.0,8.98,28330.12,31729.73,HOLD,QTY_OVER_RECEIPT,2334.9,Receiving,Medium,428,Open
EXC00387,INV2025002416,V021,United Process Equipment,PO2025002416,GRN2025002416,166.0,166,166,753.23,857.27,13.81,0.0,142306.82,167922.05,HOLD,PRICE_VARIANCE,17270.64,AP,Medium,514,Open
EXC00388,INV2025002426,V015,Orbit Maintenance Supplies,PO2025002426,GRN2025002426,123.0,123,123,685.67,778.28,13.51,0.0,95728.44,112959.56,HOLD,PRICE_VARIANCE,11391.03,AP,Medium,97,Open
EXC00389,INV2026002429,V038,NexGen Components,PO2025002429,GRN2025002429,142.0,142,142,1481.54,1481.54,0.0,0.0,210378.68,248246.84,HOLD,DUPLICATE_AMOUNT_VENDOR,0.0,AP,Medium,535,Open
EXC00390,INV2025002434,V022,Vertex Automation,PO2025002434,GRN2025002434,58.0,58,61,807.08,807.08,0.0,5.17,49231.88,58093.62,HOLD,QTY_OVER_RECEIPT,2421.24,Receiving,Medium,127,Open
EXC00391,INV2025002445,V019,Sigma Industrial Products,PO2025002445,GRN2025002445,180.0,180,193,797.65,797.65,0.0,7.22,153946.45,172420.02,HOLD,QTY_OVER_RECEIPT,10369.45,Receiving,Medium,484,Open
EXC00392,INV2025002472,V035,Keystone Industrial Products,PO2025002472,GRN2025002472,178.0,178,181,166.3,166.3,0.0,1.69,30100.3,33712.34,HOLD,QTY_OVER_RECEIPT,498.9,Receiving,Medium,547,Open
EXC00393,INV2025002484,V021,United Process Equipment,PO2025002484,,56.0,56,56,148.54,148.54,0.0,0.0,8318.24,9815.52,HOLD,MISSING_GRN,0.0,Receiving,Medium,441,Open
EXC00394,INV2025002487,V011,Kaveri Industrial Traders,PO2025002487,GRN2025002487,202.0,181,181,4883.24,5279.34,8.11,0.0,955560.54,1127561.44,HOLD,PRICE_VARIANCE,71694.1,AP,High,422,Open
EXC00395,INV2026002495,V013,Metro Fasteners,PO2025002495,GRN2025002495,177.0,162,162,808.59,808.59,0.0,0.0,130991.58,154570.06,HOLD,DUPLICATE_AMOUNT_VENDOR,0.0,AP,Medium,567,Open
EXC00396,INV2025002499,V027,Crest Chemicals,PO2025002499,GRN2025002499,161.0,161,161,194.17,212.86,9.63,0.0,34270.46,38382.92,HOLD,PRICE_VARIANCE,3009.09,AP,Medium,322,Open
