Item_ID,Item_Description,Category,Standard_Price
SKU0001,MRO Item 001,MRO,974.92
SKU0002,IT Item 002,IT,11585.77
SKU0003,Office Supplies Item 003,Office Supplies,448.55
SKU0004,Packaging Item 004,Packaging,183.23
SKU0005,Electrical Item 005,Electrical,602.66
SKU0006,Safety Item 006,Safety,434.12
SKU0007,Mechanical Item 007,Mechanical,2753.96
SKU0008,Facility Item 008,Facility,823.99
SKU0009,MRO Item 009,MRO,843.6
SKU0010,IT Item 010,IT,12602.57
SKU0011,Office Supplies Item 011,Office Supplies,475.35
SKU0012,Packaging Item 012,Packaging,170.29
SKU0013,Electrical Item 013,Electrical,1493.73
SKU0014,Safety Item 014,Safety,1295.37
SKU0015,Mechanical Item 015,Mechanical,3208.78
SKU0016,Facility Item 016,Facility,645.34
SKU0017,MRO Item 017,MRO,1003.42
SKU0018,IT Item 018,IT,12016.41
SKU0019,Office Supplies Item 019,Office Supplies,475.15
SKU0020,Packaging Item 020,Packaging,117.33
SKU0021,Electrical Item 021,Electrical,1334.26
SKU0022,Safety Item 022,Safety,574.14
SKU0023,Mechanical Item 023,Mechanical,4507.11
SKU0024,Facility Item 024,Facility,886.18
SKU0025,MRO Item 025,MRO,700.99
SKU0026,IT Item 026,IT,15788.95
SKU0027,Office Supplies Item 027,Office Supplies,406.61
SKU0028,Packaging Item 028,Packaging,141.45
SKU0029,Electrical Item 029,Electrical,1745.94
SKU0030,Safety Item 030,Safety,946.87
SKU0031,Mechanical Item 031,Mechanical,6815.86
SKU0032,Facility Item 032,Facility,791.22
SKU0033,MRO Item 033,MRO,675.01
SKU0034,IT Item 034,IT,12827.27
SKU0035,Office Supplies Item 035,Office Supplies,422.21
SKU0036,Packaging Item 036,Packaging,199.44
SKU0037,Electrical Item 037,Electrical,1377.52
SKU0038,Safety Item 038,Safety,534.44
SKU0039,Mechanical Item 039,Mechanical,1794.08
SKU0040,Facility Item 040,Facility,1273.12
SKU0041,MRO Item 041,MRO,1187.61
SKU0042,IT Item 042,IT,23622.28
SKU0043,Office Supplies Item 043,Office Supplies,237.19
SKU0044,Packaging Item 044,Packaging,133.21
SKU0045,Electrical Item 045,Electrical,1528.17
SKU0046,Safety Item 046,Safety,860.66
SKU0047,Mechanical Item 047,Mechanical,3848.39
SKU0048,Facility Item 048,Facility,1050.56
SKU0049,MRO Item 049,MRO,1153.72
SKU0050,IT Item 050,IT,19071.24
SKU0051,Office Supplies Item 051,Office Supplies,364.46
SKU0052,Packaging Item 052,Packaging,159.42
SKU0053,Electrical Item 053,Electrical,752.65
SKU0054,Safety Item 054,Safety,675.49
SKU0055,Mechanical Item 055,Mechanical,2104.01
SKU0056,Facility Item 056,Facility,712.63
SKU0057,MRO Item 057,MRO,751.01
SKU0058,IT Item 058,IT,36251.99
SKU0059,Office Supplies Item 059,Office Supplies,216.74
SKU0060,Packaging Item 060,Packaging,185.53
SKU0061,Electrical Item 061,Electrical,679.96
SKU0062,Safety Item 062,Safety,670.88
SKU0063,Mechanical Item 063,Mechanical,2797.57
SKU0064,Facility Item 064,Facility,1236.77
SKU0065,MRO Item 065,MRO,1170.62
SKU0066,IT Item 066,IT,26437.33
SKU0067,Office Supplies Item 067,Office Supplies,273.53
SKU0068,Packaging Item 068,Packaging,97.46
SKU0069,Electrical Item 069,Electrical,2133.26
SKU0070,Safety Item 070,Safety,715.66
SKU0071,Mechanical Item 071,Mechanical,1464.41
SKU0072,Facility Item 072,Facility,570.48
SKU0073,MRO Item 073,MRO,561.99
SKU0074,IT Item 074,IT,23138.39
SKU0075,Office Supplies Item 075,Office Supplies,341.18
SKU0076,Packaging Item 076,Packaging,163.73
SKU0077,Electrical Item 077,Electrical,1196.38
SKU0078,Safety Item 078,Safety,837.68
SKU0079,Mechanical Item 079,Mechanical,3445.36
SKU0080,Facility Item 080,Facility,826.55
